-4.49998941483,0.499988658148,-0.849988423051,0.0,-0.0,-0.0,2.5618379875,3.74521171544,-1.14290553842,map_000000000.png

-4.49998941483,0.499988658148,-0.849988423051,0.0,-0.0,-0.0,2.5618379875,3.74521171544,-1.14290553842,map_000000001.png

-4.49998027026,0.499979516941,-0.849988058614,0.0,-0.0,-0.0,2.5618379875,3.74521171544,-1.14290553842,map_000000002.png

-4.49998935722,0.499988607943,-0.849988366833,0.0,-0.0,-0.0,2.5618379875,3.74521171544,-1.14290553842,map_000000003.png

-4.49999925769,0.499998513575,-0.849988810529,0.0,-0.0,-0.0,2.5618379875,3.74521171544,-1.14290553842,map_000000004.png

-4.499987667,0.499986915445,-0.849988236966,0.0,-0.0,-0.0,2.5618379875,3.74521171544,-1.14290553842,map_000000005.png

-4.49998936476,0.499988604575,-0.849988368054,0.0,-0.0,-0.0,2.5618379875,3.74521171544,-1.14290553842,map_000000006.png

-4.49998935644,0.499988593123,-0.849988176592,0.0,-0.0,-0.0,2.5618379875,3.74521171544,-1.14290553842,map_000000007.png

-4.49998021234,0.499979451354,-0.849987737379,0.0,-0.0,-0.0,2.5618379875,3.74521171544,-1.14290553842,map_000000008.png

-4.4999892984,0.49998854331,-0.849988177631,0.0,-0.0,-0.0,2.5618379875,3.74521171544,-1.14290553842,map_000000009.png

-4.4999892984,0.49998854331,-0.849988177631,0.0,-0.0,-0.0,2.5618379875,3.74521171544,-1.14290553842,map_000000010.png

-4.4999991993,0.499998448452,-0.849988558917,0.0,-0.0,-0.0,2.5618379875,3.74521171544,-1.14290553842,map_000000011.png

-4.49998760765,0.499986851272,-0.849988124272,0.0,-0.0,0.117584228516,2.5618379875,3.74521171544,-1.14290553842,map_000000012.png

-4.49998930638,0.499988539551,-0.849988121595,0.0,-0.0,0.117584228516,2.5618379875,3.74521171544,-1.14290553842,map_000000013.png

-4.50006899342,0.499917770224,-0.83888837874,0.0,-0.0,0.182211652398,2.5618379875,3.74521171544,-1.14290553842,map_000000014.png

-4.50018853735,0.499808650394,-0.82203375028,0.0,-0.0,0.307086229324,2.5618379875,3.74521171544,-1.14290553842,map_000000015.png

-4.50036933515,0.499636401686,-0.796032222989,0.0,-0.0,0.332901299,2.5618379875,3.74521171544,-1.14290553842,map_000000016.png

-4.50058910513,0.4994145014,-0.763510814615,0.0,-0.0,0.345826774836,2.5618379875,3.74521171544,-1.14290553842,map_000000017.png

-4.50081352448,0.499172065754,-0.729110564844,0.0,-0.0,0.37167775631,2.5618379875,3.74521171544,-1.14290553842,map_000000018.png

-4.50102381041,0.498928834011,-0.694897701917,0.0,-0.0,0.384603232145,2.5618379875,3.74521171544,-1.14290553842,map_000000019.png

-4.5012483388,0.498630323249,-0.656891833889,0.0,-0.0,0.384603232145,2.5618379875,3.74521171544,-1.14290553842,map_000000020.png

-4.50147700307,0.498342170408,-0.617657595635,0.0,-0.0,0.397492825985,2.5618379875,3.74521171544,-1.14290553842,map_000000021.png

-4.50169100884,0.498008398538,-0.577367091862,0.0,-0.0,0.397492825985,2.5618379875,3.74521171544,-1.14290553842,map_000000022.png

-4.50190188905,0.497691837432,-0.536712588137,0.0,-0.0,0.397492825985,2.5618379875,3.74521171544,-1.14290553842,map_000000023.png

-4.50209093752,0.497338346348,-0.496067437954,0.0,-0.0,0.397492825985,2.5618379875,3.74521171544,-1.14290553842,map_000000024.png

-4.50227443138,0.497006070529,-0.455412548452,0.0,-0.0,0.397492825985,2.5618379875,3.74521171544,-1.14290553842,map_000000025.png

-4.50243509385,0.496638106227,-0.414767940647,0.0,-0.0,0.397492825985,2.5618379875,3.74521171544,-1.14290553842,map_000000026.png

-4.50259005497,0.496292376332,-0.374113141041,0.0,-0.0,0.397492825985,2.5618379875,3.74521171544,-1.14290553842,map_000000027.png

-4.50272121134,0.495912300648,-0.33346816574,0.0,-0.0,0.397492825985,2.5618379875,3.74521171544,-1.14290553842,map_000000028.png

-4.50284667791,0.495555461111,-0.292813218595,0.0,-0.0,0.397492825985,2.5618379875,3.74521171544,-1.14290553842,map_000000029.png

-4.5029474071,0.495165734674,-0.252168894233,0.0,-0.0,0.397492825985,2.5618379875,3.74521171544,-1.14290553842,map_000000030.png

-4.50304106087,0.494807606251,-0.213080536721,0.0,-0.0,0.397492825985,2.5618379875,3.74521171544,-1.14290553842,map_000000031.png

-4.50311621058,0.494424775211,-0.172430606409,0.0,-0.0,0.397492825985,2.5618379875,3.74521171544,-1.14290553842,map_000000032.png

-4.50317562606,0.494039095526,-0.131780813534,0.0,-0.0,0.397492825985,2.5618379875,3.74521171544,-1.14290553842,map_000000033.png

-4.50321941805,0.493651446035,-0.0911308911281,0.0,-0.0,0.397492825985,2.5618379875,3.74521171544,-1.14290553842,map_000000034.png

-4.50324733992,0.49326225496,-0.0504810511873,0.0,-0.0,0.397492825985,2.5618379875,3.74521171544,-1.14290553842,map_000000035.png

-4.50325949456,0.492872355273,-0.0098311867355,0.0,-0.0,0.397492825985,2.5618379875,3.74521171544,-1.14290553842,map_000000036.png

-4.50325573139,0.492482215358,0.0308185956188,0.0,-0.0,0.397492825985,2.5618379875,3.74521171544,-1.14290553842,map_000000037.png

-4.50323617748,0.492092645236,0.0714685113467,0.0,-0.0,0.397492825985,2.5618379875,3.74521171544,-1.14290553842,map_000000038.png

-4.50323617748,0.492092645236,0.0714685113467,0.0,-0.0,0.397492825985,2.5618379875,3.74521171544,-1.14290553842,map_000000039.png

-4.5032007494,0.491704127331,0.112118311367,0.0,-0.0,0.397492825985,2.5618379875,3.74521171544,-1.14290553842,map_000000040.png

-4.50314962096,0.491317463844,0.152768154923,0.0,-0.0,0.397492825985,2.5618379875,3.74521171544,-1.14290553842,map_000000041.png

-4.50308276397,0.490933134525,0.193417906237,0.0,-0.0,0.397492825985,2.5618379875,3.74521171544,-1.14290553842,map_000000042.png

-4.50300771233,0.490544829206,0.234063716814,0.0,-0.0,0.397492825985,2.5618379875,3.74521171544,-1.14290553842,map_000000043.png

-4.50290600683,0.490189730276,0.273150897949,0.0,-0.0,0.414726793766,2.5618379875,3.74521171544,-1.14290553842,map_000000044.png

-4.50279780623,0.489799155655,0.314881092292,0.0,-0.0,0.414726793766,2.5618379875,3.74521171544,-1.14290553842,map_000000045.png

-4.50265572018,0.489423192179,0.357293732151,0.0,-0.0,0.427652269602,2.5618379875,3.74521171544,-1.14290553842,map_000000046.png

-4.50250384256,0.489041917121,0.400110880757,0.0,-0.0,0.453503251076,2.5618379875,3.74521171544,-1.14290553842,map_000000047.png

-4.50233898106,0.488648744363,0.444146208775,0.0,-0.0,0.453503251076,2.5618379875,3.74521171544,-1.14290553842,map_000000048.png

-4.50213021175,0.488260145851,0.490523626816,0.0,-0.0,0.453503251076,2.5618379875,3.74521171544,-1.14290553842,map_000000049.png

-4.50191154293,0.48787310248,0.536899384775,0.0,-0.0,0.466392844915,2.5618379875,3.74521171544,-1.14290553842,map_000000050.png

-4.50167842703,0.487479238833,0.58433849836,0.0,-0.0,0.466392844915,2.5618379875,3.74521171544,-1.14290553842,map_000000051.png

-4.50140797862,0.487113023517,0.632033349631,0.0,-0.0,0.466392844915,2.5618379875,3.74521171544,-1.14290553842,map_000000052.png

-4.50112887852,0.486750877696,0.679727187458,0.0,-0.0,0.466392844915,2.5618379875,3.74521171544,-1.14290553842,map_000000053.png

-4.50084246742,0.486392834264,0.727420577318,0.0,-0.0,0.466392844915,2.5618379875,3.74521171544,-1.14290553842,map_000000054.png

-4.50052429847,0.48606779393,0.775117290036,0.0,-0.0,0.466392844915,2.5618379875,3.74521171544,-1.14290553842,map_000000055.png

-4.50020885089,0.485759988481,0.820979103937,0.0,-0.0,0.466392844915,2.5618379875,3.74521171544,-1.14290553842,map_000000056.png

-4.49986001225,0.485451193794,0.868671697836,0.0,-0.0,0.479318320751,2.5618379875,3.74521171544,-1.14290553842,map_000000057.png

-4.499513236,0.485174581784,0.917447245643,0.0,-0.0,0.552526831627,2.5618379875,3.74521171544,-1.14290553842,map_000000058.png

-4.4990822759,0.484858078159,0.971353052567,0.0,-0.0,0.565452337265,2.5618379875,3.74521171544,-1.14290553842,map_000000059.png

-4.498637938,0.484573842053,1.02847850009,-0.0,-0.0,0.565452337265,2.5618379875,3.74521171544,-1.14290553842,map_000000060.png

-4.49814584331,0.484294805926,1.08630068224,-0.0,-0.0,0.565452337265,2.5618379875,3.74521171544,-1.14290553842,map_000000061.png

-4.49763967723,0.484041468864,1.14412283385,-0.0,-0.0,0.565452337265,2.5618379875,3.74521171544,-1.14290553842,map_000000062.png

-4.49712951272,0.483826914232,1.2019500775,-0.0,-0.0,0.548218369484,2.5618379875,3.74521171544,-1.14290553842,map_000000063.png

-4.49660271982,0.483636917279,1.25977389922,-0.0,-0.0,0.548218369484,2.5618379875,3.74521171544,-1.14290553842,map_000000064.png

-4.49609378823,0.483489441271,1.31611414234,0.0754875317216,-0.0,0.169286176562,2.5618379875,3.74521171544,-1.14290553842,map_000000065.png

-4.49455950965,0.488702391664,1.34534264455,0.193432599306,-0.0,0.0702266842127,2.5618379875,3.74521171544,-1.14290553842,map_000000066.png

-4.49160194822,0.501571681468,1.35731299123,0.220145270228,-0.0,0.0702266842127,2.5618379875,3.74521171544,-1.14290553842,map_000000067.png

-4.49160194822,0.501571681468,1.35731299123,0.220145270228,-0.0,0.0702266842127,2.5618379875,3.74521171544,-1.14290553842,map_000000068.png

-4.48717503273,0.52207044548,1.36449953662,0.226823434234,-0.0,0.0702266842127,2.5618379875,3.74521171544,-1.14290553842,map_000000069.png

-4.4824770892,0.544578976544,1.37168178153,0.233483657241,-0.0,0.208026722074,2.5618379875,3.74521171544,-1.14290553842,map_000000070.png

-4.47782613184,0.567697458227,1.37886402568,0.233483657241,-0.0,0.294160723686,2.5618379875,3.74521171544,-1.14290553842,map_000000071.png

-4.47323646117,0.591533825372,1.40013643249,0.233483657241,-0.0,0.294160723686,2.5618379875,3.74521171544,-1.14290553842,map_000000072.png

-4.46917083811,0.615451720521,1.42886850558,0.233483657241,-0.0,0.199409738183,2.5618379875,3.74521171544,-1.14290553842,map_000000073.png

-4.46579812909,0.639503934858,1.45223761439,0.233483657241,-0.0,0.00994364824146,2.5618379875,3.74521171544,-1.14290553842,map_000000074.png

-4.4629978532,0.663606078796,1.46293722295,0.233483657241,-0.0,0.00994364824146,2.5618379875,3.74521171544,-1.14290553842,map_000000075.png

-4.46039691537,0.68774687483,1.46395926827,0.233483657241,-0.0,0.246803179383,2.5618379875,3.74521171544,-1.14290553842,map_000000076.png

-4.45777499254,0.711877265369,1.46963435327,0.233483657241,-0.0,0.264001250267,2.5618379875,3.74521171544,-1.14290553842,map_000000077.png

-4.45536755073,0.736025101621,1.49493721498,0.233483657241,-0.0,0.264001250267,2.5618379875,3.74521171544,-1.14290553842,map_000000078.png

-4.4536033783,0.760229754169,1.52194500994,0.233483657241,-0.0,0.264001250267,2.5618379875,3.74521171544,-1.14290553842,map_000000079.png

-4.45249511165,0.783555105163,1.54790003155,0.233483657241,-0.0,0.074535176158,2.5618379875,3.74521171544,-1.14290553842,map_000000080.png

-4.45202201514,0.807825883568,1.56222941664,0.233483657241,-0.0,-0.0,2.5618379875,3.74521171544,-1.14290553842,map_000000081.png

-4.45184487701,0.832100191595,1.56574758838,0.233483657241,-0.0,-0.0,2.5618379875,3.74521171544,-1.14290553842,map_000000082.png

-4.45171053069,0.856359888142,1.56574187535,0.233483657241,-0.0,-0.0,2.5618379875,3.74521171544,-1.14290553842,map_000000083.png

-4.45159777988,0.880641287034,1.56574664497,0.233483657241,-0.0,-0.0,2.5618379875,3.74521171544,-1.14290553842,map_000000084.png

-4.45147710108,0.904915016881,1.56574759426,0.233483657241,-0.0,-0.0,2.5618379875,3.74521171544,-1.14290553842,map_000000085.png

-4.45134275131,0.929174709319,1.56574183766,0.233483657241,-0.0,-0.0,2.5618379875,3.74521171544,-1.14290553842,map_000000086.png

-4.4512299999,0.953456108349,1.56574668324,0.233483657241,-0.0,-0.0,2.5618379875,3.74521171544,-1.14290553842,map_000000087.png

-4.45110932125,0.977729838189,1.56574761522,0.233483657241,-0.0,-0.0,2.5618379875,3.74521171544,-1.14290553842,map_000000088.png

-4.45097497179,1.00198953075,1.56574185119,0.233483657241,-0.0,-0.0670671164989,2.5618379875,3.74521171544,-1.14290553842,map_000000089.png

-4.45086604194,1.02626105362,1.56310298003,0.233483657241,-0.0,-0.235026627779,2.5618379875,3.74521171544,-1.14290553842,map_000000090.png

-4.45069845431,1.05054298162,1.55228068099,0.233483657241,-0.0,-0.252260625362,2.5618379875,3.74521171544,-1.14290553842,map_000000091.png

-4.45023573514,1.07388105417,1.5291048147,0.233483657241,-0.0,-0.0,2.5618379875,3.74521171544,-1.14290553842,map_000000092.png

-4.44916860205,1.09813100755,1.50330613299,0.233483657241,-0.0,-0.0,2.5618379875,3.74521171544,-1.14290553842,map_000000093.png

-4.44747481507,1.12233724482,1.49933299449,0.233483657241,-0.0,-0.0,2.5618379875,3.74521171544,-1.14290553842,map_000000094.png

-4.44575167052,1.14655699811,1.49933810136,0.233483657241,-0.0,-0.0,2.5618379875,3.74521171544,-1.14290553842,map_000000095.png

-4.44575167052,1.14655699811,1.49933810136,0.233483657241,-0.0,-0.0,2.5618379875,3.74521171544,-1.14290553842,map_000000096.png

-4.4440206357,1.1707691393,1.49933917814,0.233483657241,-0.0,-0.0,2.5618379875,3.74521171544,-1.14290553842,map_000000097.png

-4.44227587074,1.19496716415,1.49933298326,0.233483657241,-0.0,-0.0,2.5618379875,3.74521171544,-1.14290553842,map_000000098.png

-4.44055272304,1.21918691542,1.49933826252,0.233483657241,-0.0,-0.0,2.5618379875,3.74521171544,-1.14290553842,map_000000099.png

-4.43882169008,1.24339905668,1.49933915581,0.233483657241,-0.0,-0.0,2.5618379875,3.74521171544,-1.14290553842,map_000000100.png

-4.4370769247,1.26759708181,1.49933302445,0.233483657241,-0.0,-0.0,2.5618379875,3.74521171544,-1.14290553842,map_000000101.png
-4.43535377846,1.29181683299,1.49933815379,0.233483657241,-0.0,-0.0,2.5618379875,3.74521171544,-1.14290553842,map_000000102.png

-4.43362274462,1.31602897424,1.49933915306,0.233483657241,-0.0,-0.0,2.5618379875,3.74521171544,-1.14290553842,map_000000103.png

-4.43195446765,1.3393056252,1.4993382015,0.233483657241,-0.0,-0.0,2.5618379875,3.74521171544,-1.14290553842,map_000000104.png

-4.43022343433,1.36351776641,1.49933914584,0.233483657241,-0.0,-0.135967135429,2.5618379875,3.74521171544,-1.14290553842,map_000000105.png

-4.42851163641,1.38772785693,1.49612931713,0.233483657241,-0.0,-0.135967135429,2.5618379875,3.74521171544,-1.14290553842,map_000000106.png

-4.42666963537,1.411932346,1.48222330229,0.233483657241,-0.0,-0.135967135429,2.5618379875,3.74521171544,-1.14290553842,map_000000107.png

-4.4244961164,1.436109078,1.46831958127,0.233483657241,-0.0,-0.135967135429,2.5618379875,3.74521171544,-1.14290553842,map_000000108.png

-4.42198402998,1.4602530375,1.4544146271,0.233483657241,-0.0,-0.135967135429,2.5618379875,3.74521171544,-1.14290553842,map_000000109.png

-4.41913674892,1.48436033564,1.44050984578,0.233483657241,-0.0,-0.153201118112,2.5618379875,3.74521171544,-1.14290553842,map_000000110.png

-4.41595478399,1.50842568542,1.42558689866,0.233483657241,-0.0,-0.153201118112,2.5618379875,3.74521171544,-1.14290553842,map_000000111.png

-4.41242056804,1.53243201726,1.40992440275,0.233483657241,-0.0,-0.153201118112,2.5618379875,3.74521171544,-1.14290553842,map_000000112.png

-4.40849246924,1.55639526377,1.39425433907,0.233483657241,-0.0,-0.153201118112,2.5618379875,3.74521171544,-1.14290553842,map_000000113.png

-4.4041973066,1.58028617236,1.37858792538,0.240161821246,-0.0,-0.153201118112,2.5618379875,3.74521171544,-1.14290553842,map_000000114.png

-4.3995284795,1.60410650059,1.36292221157,0.240161821246,-0.0,-0.153201118112,2.5618379875,3.74521171544,-1.14290553842,map_000000115.png

-4.39455286204,1.62753873029,1.34785659409,0.240161821246,-0.0,-0.153201118112,2.5618379875,3.74521171544,-1.14290553842,map_000000116.png

-4.38899644943,1.65188185295,1.33219051566,0.240161821246,-0.0,-0.153201118112,2.5618379875,3.74521171544,-1.14290553842,map_000000117.png

-4.38306048413,1.67613384997,1.31652427581,0.240161821246,-0.0,-0.153201118112,2.5618379875,3.74521171544,-1.14290553842,map_000000118.png

-4.37673242818,1.70027977519,1.30085057167,0.246839985251,-0.0,-0.153201118112,2.5618379875,3.74521171544,-1.14290553842,map_000000119.png

-4.37000056439,1.72449865121,1.28518816019,0.246839985251,-0.0,-0.153201118112,2.5618379875,3.74521171544,-1.14290553842,map_000000120.png

-4.36272102678,1.74910003611,1.26951581078,0.246839985251,-0.0,-0.153201118112,2.5618379875,3.74521171544,-1.14290553842,map_000000121.png

-4.35507264818,1.77360492174,1.25385356675,0.246839985251,-0.0,-0.153201118112,2.5618379875,3.74521171544,-1.14290553842,map_000000122.png

-4.35507264818,1.77360492174,1.25385356675,0.246839985251,-0.0,-0.153201118112,2.5618379875,3.74521171544,-1.14290553842,map_000000123.png

-4.34702559553,1.79796651057,1.23818117649,0.246839985251,-0.0,-0.153201118112,2.5618379875,3.74521171544,-1.14290553842,map_000000124.png

-4.33861642408,1.82222009064,1.22252047485,0.246839985251,-0.0,-0.153201118112,2.5618379875,3.74521171544,-1.14290553842,map_000000125.png
-4.32981832307,1.84632862724,1.20685348744,0.246839985251,-0.0,-0.153201118112,2.5618379875,3.74521171544,-1.14290553842,map_000000126.png

-4.32064067533,1.87029570009,1.19118512195,0.246839985251,-0.0,-0.153201118112,2.5618379875,3.74521171544,-1.14290553842,map_000000127.png

-4.31108991263,1.89411474704,1.17551707686,0.246839985251,-0.0,-0.153201118112,2.5618379875,3.74521171544,-1.14290553842,map_000000128.png

-4.30156008564,1.91687667651,1.16045417019,0.246839985251,-0.0,-0.153201118112,2.5618379875,3.74521171544,-1.14290553842,map_000000129.png

-4.29127798564,1.94039151006,1.14478444606,0.246839985251,-0.0,-0.153201118112,2.5618379875,3.74521171544,-1.14290553842,map_000000130.png

-4.28063654276,1.96374422913,1.12911833141,0.246839985251,-0.0,-0.153201118112,2.5618379875,3.74521171544,-1.14290553842,map_000000131.png

-4.26962996065,1.98692642664,1.1134521364,0.253518164158,-0.0,-0.153201118112,2.5618379875,3.74521171544,-1.14290553842,map_000000132.png

-4.25806178579,2.01031360787,1.09778232048,0.253518164158,-0.0,-0.153201118112,2.5618379875,3.74521171544,-1.14290553842,map_000000133.png

-4.24601393189,2.03375617282,1.08211646188,0.253518164158,-0.0,-0.153201118112,2.5618379875,3.74521171544,-1.14290553842,map_000000134.png

-4.23359963775,2.05700613877,1.06644983356,0.253518164158,-0.0,-0.153201118112,2.5618379875,3.74521171544,-1.14290553842,map_000000135.png

-4.22081582215,2.08005750121,1.0507801089,0.253518164158,-0.0,-0.153201118112,2.5618379875,3.74521171544,-1.14290553842,map_000000136.png

-4.20767982734,2.10290811103,1.03511437672,0.253518164158,-0.0,-0.153201118112,2.5618379875,3.74521171544,-1.14290553842,map_000000137.png

-4.19418674766,2.12554900889,1.01944757782,0.253518164158,-0.0,-0.153201118112,2.5618379875,3.74521171544,-1.14290553842,map_000000138.png

-4.18033409304,2.14797436666,1.00377795765,0.253518164158,-0.0,-0.170435100794,2.5618379875,3.74521171544,-1.14290553842,map_000000139.png

-4.16614049537,2.170183755,0.987027578134,0.253518164158,-0.0,-0.170435100794,2.5618379875,3.74521171544,-1.14290553842,map_000000140.png

-4.1521329175,2.1913052686,0.970266381956,0.253518164158,-0.0,-0.170435100794,2.5618379875,3.74521171544,-1.14290553842,map_000000141.png

-4.13719745942,2.21302251549,0.95283820767,0.253518164158,-0.0,-0.170435100794,2.5618379875,3.74521171544,-1.14290553842,map_000000142.png

-4.1218849542,2.23447464612,0.935409080952,0.253518164158,-0.0,-0.170435100794,2.5618379875,3.74521171544,-1.14290553842,map_000000143.png

-4.10619411729,2.25565485173,0.917976780481,0.253518164158,-0.0,-0.170435100794,2.5618379875,3.74521171544,-1.14290553842,map_000000144.png

-4.09014400432,2.27656179838,0.900548790941,0.253518164158,-0.0,-0.170435100794,2.5618379875,3.74521171544,-1.14290553842,map_000000145.png

-4.07373108146,2.29718418178,0.883119475335,0.253518164158,-0.0,-0.170435100794,2.5618379875,3.74521171544,-1.14290553842,map_000000146.png

-4.05695483487,2.31751545285,0.865687252657,0.253518164158,-0.0,-0.170435100794,2.5618379875,3.74521171544,-1.14290553842,map_000000147.png

-4.03983392055,2.33755495024,0.848259116247,0.253518164158,-0.0,-0.170435100794,2.5618379875,3.74521171544,-1.14290553842,map_000000148.png

-4.02236538049,2.35729121187,0.83082990112,0.253518164158,-0.0,-0.187669083476,2.5618379875,3.74521171544,-1.14290553842,map_000000149.png

-4.00455061591,2.37671924936,0.813126470374,0.253518164158,-0.0,-0.222101151943,2.5618379875,3.74521171544,-1.14290553842,map_000000150.png

-3.98639673532,2.39582812348,0.79393584932,0.253518164158,-0.0,-0.222101151943,2.5618379875,3.74521171544,-1.14290553842,map_000000151.png

-3.98639673532,2.39582812348,0.79393584932,0.253518164158,-0.0,-0.222101151943,2.5618379875,3.74521171544,-1.14290553842,map_000000152.png

-3.96858578715,2.41385939176,0.772093967806,0.253518164158,-0.0,-0.222101151943,2.5618379875,3.74521171544,-1.14290553842,map_000000153.png

-3.94965612157,2.43220026189,0.74938235016,0.253518164158,-0.0,-0.157509624958,2.5618379875,3.74521171544,-1.14290553842,map_000000154.png

-3.93030852172,2.45009761253,0.730734340722,0.253518164158,-0.0,-0.0,2.5618379875,3.74521171544,-1.14290553842,map_000000155.png

-3.91062844301,2.46762902853,0.722060388776,0.269100546837,-0.0,-0.0,2.5618379875,3.74521171544,-1.14290553842,map_000000156.png

-3.89046675826,2.48536767473,0.722052627754,0.324734002352,-0.0,-0.0,2.5618379875,3.74521171544,-1.14290553842,map_000000157.png

-3.8688151105,2.50445467397,0.722058291418,0.338090330362,-0.0,-0.0,2.5618379875,3.74521171544,-1.14290553842,map_000000158.png

-3.843490861,2.52677623468,0.722063950796,0.338090330362,-0.0,-0.0,2.5618379875,3.74521171544,-1.14290553842,map_000000159.png

-3.81710279468,2.54999366359,0.722054383049,0.338090330362,-0.0,-0.0,2.5618379875,3.74521171544,-1.14290553842,map_000000160.png

-3.79072975187,2.5732254807,0.722054911117,0.338090330362,-0.0,-0.0,2.5618379875,3.74521171544,-1.14290553842,map_000000161.png

-3.76434415692,2.59644537736,0.722046651591,0.338090330362,-0.0,-0.0,2.5618379875,3.74521171544,-1.14290553842,map_000000162.png

-3.73797792613,2.61968430766,0.722052230406,0.338090330362,-0.0,-0.0,2.5618379875,3.74521171544,-1.14290553842,map_000000163.png

-3.71161155231,2.64292339996,0.722057756102,0.338090330362,-0.0,-0.0,2.5618379875,3.74521171544,-1.14290553842,map_000000164.png

-3.68625006548,2.66525930107,0.722056704196,0.338090330362,-0.0,-0.239335134625,2.5618379875,3.74521171544,-1.14290553842,map_000000165.png

-3.65986183086,2.68847653911,0.722047037262,0.338090330362,-0.00200973358005,-0.458960682154,2.5618379875,3.74521171544,-1.14290553842,map_000000166.png

-3.6333678313,2.7115759749,0.697572966308,0.338090330362,-0.00200973358005,-0.458960682154,2.5618379875,3.74521171544,-1.14290553842,map_000000167.png

-3.60614848314,2.73381190613,0.654093546455,0.338090330362,-0.00200973358005,-0.458960682154,2.5618379875,3.74521171544,-1.14290553842,map_000000168.png
-3.57792310455,2.75475673217,0.607157736795,0.338090330362,-0.00200973358005,-0.316852152348,2.5618379875,3.74521171544,-1.14290553842,map_000000169.png

-3.54873411258,2.77434041512,0.567484590377,0.338090330362,-0.00200973358005,-0.170435100794,2.5618379875,3.74521171544,-1.14290553842,map_000000170.png

-3.5188493774,2.79283941563,0.540265845144,0.338090330362,-0.00200973358005,-0.0886095911264,2.5618379875,3.74521171544,-1.14290553842,map_000000171.png
-3.48853165089,2.81062339133,0.524446792664,0.338090330362,-0.00200973358005,-0.00247558974661,2.5618379875,3.74521171544,-1.14290553842,map_000000172.png

-3.45795941292,2.82797433432,0.515376855398,0.338090330362,-0.00200973358005,-0.00247558974661,2.5618379875,3.74521171544,-1.14290553842,map_000000173.png

-3.42727684889,2.84511341549,0.515119463355,0.338090330362,-0.00200973358005,-0.00247558974661,2.5618379875,3.74521171544,-1.14290553842,map_000000174.png

-3.39658911887,2.86224354011,0.514860458926,0.338090330362,-0.00200973358005,-0.00247558974661,2.5618379875,3.74521171544,-1.14290553842,map_000000175.png

-3.36589695747,2.87936572308,0.514601727204,0.338090330362,-0.00200973358005,-0.00247558974661,2.5618379875,3.74521171544,-1.14290553842,map_000000176.png

-3.33639085058,2.89583130902,0.51435903611,0.338090330362,-0.00200973358005,-0.00247558974661,2.5618379875,3.74521171544,-1.14290553842,map_000000177.png

-3.30569000325,2.91293791285,0.51410029516,0.338090330362,-0.00200973358005,-0.00247558974661,2.5618379875,3.74521171544,-1.14290553842,map_000000178.png

-3.27498473118,2.93003657341,0.51384162458,0.338090330362,-0.00200973358005,-0.00247558974661,2.5618379875,3.74521171544,-1.14290553842,map_000000179.png

-3.24544649668,2.94646066343,0.513586715867,0.338090330362,-0.00200973358005,-0.00247558974661,2.5618379875,3.74521171544,-1.14290553842,map_000000180.png

-3.24544649668,2.94646066343,0.513586715867,0.338090330362,-0.00200973358005,-0.00247558974661,2.5618379875,3.74521171544,-1.14290553842,map_000000181.png

-3.21473255151,2.96354374015,0.513327783695,0.338090330362,-0.00200973358005,-0.00247558974661,2.5618379875,3.74521171544,-1.14290553842,map_000000182.png

-3.18401418707,2.98061886833,0.513069046408,0.338090330362,-0.00200973358005,-0.00247558974661,2.5618379875,3.74521171544,-1.14290553842,map_000000183.png

-3.15329140594,2.99768604866,0.512810345591,0.338090330362,-0.00200973358005,-0.0713756158948,2.5618379875,3.74521171544,-1.14290553842,map_000000184.png

-3.1225659834,3.01474909088,0.50902842092,0.338090330362,-0.00200973358005,-0.123077556491,2.5618379875,3.74521171544,-1.14290553842,map_000000185.png

-3.09176098849,3.03166265359,0.499900623943,0.338090330362,-0.00200973358005,-0.123077556491,2.5618379875,3.74521171544,-1.14290553842,map_000000186.png

-3.06077195009,3.04824816147,0.487314316874,0.338090330362,-0.00200973358005,-0.123077556491,2.5618379875,3.74521171544,-1.14290553842,map_000000187.png

-3.02956392527,3.06442960193,0.474719621035,0.338090330362,-0.00200973358005,-0.123077556491,2.5618379875,3.74521171544,-1.14290553842,map_000000188.png

-2.99817649881,3.08023860399,0.462139444177,0.338090330362,-0.00200973358005,-0.123077556491,2.5618379875,3.74521171544,-1.14290553842,map_000000189.png

-2.96658150907,3.09564043093,0.449552217353,0.338090330362,-0.00200973358005,-0.123077556491,2.5618379875,3.74521171544,-1.14290553842,map_000000190.png

-2.93479394128,3.11064146387,0.436963738427,0.338090330362,-0.00200973358005,-0.123077556491,2.5618379875,3.74521171544,-1.14290553842,map_000000191.png

-2.90282295481,3.12524504038,0.424377553531,0.338090330362,-0.00200973358005,-0.140275642276,2.5618379875,3.74521171544,-1.14290553842,map_000000192.png

-2.87191024845,3.13890689633,0.411733255228,0.338090330362,-0.00200973358005,-0.140275642276,2.5618379875,3.74521171544,-1.14290553842,map_000000193.png

-2.83956356929,3.15267449639,0.397380068232,0.338090330362,-0.00200973358005,-0.140275642276,2.5618379875,3.74521171544,-1.14290553842,map_000000194.png

-2.80704473591,3.16599855675,0.383040978053,0.338090330362,-0.00200973358005,-0.140275642276,2.5618379875,3.74521171544,-1.14290553842,map_000000195.png

-2.77432702985,3.17884376648,0.368695066313,0.338090330362,-0.00200973358005,-0.140275642276,2.5618379875,3.74521171544,-1.14290553842,map_000000196.png

-2.74142725093,3.19121591272,0.354347638008,0.338090330362,-0.00200973358005,-0.105843573809,2.5618379875,3.74521171544,-1.14290553842,map_000000197.png

-2.70835735085,3.20312176222,0.342438674805,0.338090330362,-0.00200973358005,-0.0670671164989,2.5618379875,3.74521171544,-1.14290553842,map_000000198.png

-2.67516542283,3.21464216136,0.333745955209,0.338090330362,-0.00200973358005,-0.0541775338352,2.5618379875,3.74521171544,-1.14290553842,map_000000199.png

-2.64186201827,3.2259195815,0.327344862369,0.338090330362,-0.00200973358005,-0.0541775338352,2.5618379875,3.74521171544,-1.14290553842,map_000000200.png

-2.60850101768,3.23698432957,0.321802525868,0.338090330362,-0.00200973358005,-0.0541775338352,2.5618379875,3.74521171544,-1.14290553842,map_000000201.png

-2.57507933305,3.24786387804,0.31626020853,0.338090330362,-0.00200973358005,-0.0541775338352,2.5618379875,3.74521171544,-1.14290553842,map_000000202.png

-2.54159768907,3.2585581314,0.310718138688,0.338090330362,-0.00200973358005,-0.0541775338352,2.5618379875,3.74521171544,-1.14290553842,map_000000203.png

-2.50804712816,3.26905678205,0.305169616289,0.338090330362,-0.00200973358005,-0.0541775338352,2.5618379875,3.74521171544,-1.14290553842,map_000000204.png

-2.47575256826,3.27899550891,0.299846599379,0.338090330362,-0.00200973358005,-0.0541775338352,2.5618379875,3.74521171544,-1.14290553842,map_000000205.png

-2.44209991185,3.28913879323,0.294304350454,0.338090330362,-0.00200973358005,-0.0,2.5618379875,3.74521171544,-1.14290553842,map_000000206.png

-2.40838964049,3.29908756315,0.290679886999,0.338090330362,-0.00200973358005,-0.0,2.5618379875,3.74521171544,-1.14290553842,map_000000207.png

-2.37466871978,3.30895024298,0.290675337668,0.338090330362,-0.00200973358005,-0.0,2.5618379875,3.74521171544,-1.14290553842,map_000000208.png

-2.34092793092,3.3188326919,0.290677494378,0.338090330362,-0.00200973358005,-0.0,2.5618379875,3.74521171544,-1.14290553842,map_000000209.png

-2.34092793092,3.3188326919,0.290677494378,0.338090330362,-0.00200973358005,-0.0,2.5618379875,3.74521171544,-1.14290553842,map_000000210.png

-2.30719680605,3.328705209,0.290675949628,0.338090330362,-0.00200973358005,-0.0,2.5618379875,3.74521171544,-1.14290553842,map_000000211.png

-2.27347584577,3.3385677555,0.290671413718,0.338090330362,-0.00200973358005,-0.0,2.5618379875,3.74521171544,-1.14290553842,map_000000212.png

-2.23973501809,3.34845007227,0.290673579495,0.338090330362,-0.00200973358005,-0.0,2.5618379875,3.74521171544,-1.14290553842,map_000000213.png

-2.20600385409,3.35832245776,0.290672053591,0.338090330362,-0.00200973358005,-0.0,2.5618379875,3.74521171544,-1.14290553842,map_000000214.png

-2.17228285436,3.36818487245,0.29066748572,0.338090330362,-0.00200973358005,-0.0,2.5618379875,3.74521171544,-1.14290553842,map_000000215.png

-2.13854198749,3.37806705759,0.290669638764,0.338090330362,-0.00200973358005,-0.0,2.5618379875,3.74521171544,-1.14290553842,map_000000216.png

-2.1048107848,3.38793931064,0.290668137139,0.338090330362,-0.00200973358005,-0.0,2.5618379875,3.74521171544,-1.14290553842,map_000000217.png

-2.07237731652,3.39743175435,0.290666986963,0.338090330362,-0.00200973358005,-0.0,2.5618379875,3.74521171544,-1.14290553842,map_000000218.png

-2.0386441927,3.40730571809,0.290666274026,0.338090330362,-0.00200973358005,-0.0,2.5618379875,3.74521171544,-1.14290553842,map_000000219.png

-2.00490551686,3.4171667222,0.290658837015,0.338090330362,-0.00200973358005,-0.0110925808549,2.5618379875,3.74521171544,-1.14290553842,map_000000220.png

-1.97117470633,3.42703900687,0.290045518552,0.338090330362,-0.00200973358005,-0.0455605424941,2.5618379875,3.74521171544,-1.14290553842,map_000000221.png

-1.93743716526,3.43688629251,0.287550274535,0.338090330362,-0.00200973358005,-0.0627945289016,2.5618379875,3.74521171544,-1.14290553842,map_000000222.png

-1.90366767635,3.44662268936,0.282479283379,0.338090330362,-0.00200973358005,-0.0799926072359,2.5618379875,3.74521171544,-1.14290553842,map_000000223.png

-1.86984544903,3.4561740726,0.275917416962,0.338090330362,-0.00200973358005,-0.0799926072359,2.5618379875,3.74521171544,-1.14290553842,map_000000224.png

-1.83595779074,3.46548995575,0.267732197731,0.338090330362,-0.00200973358005,-0.0799926072359,2.5618379875,3.74521171544,-1.14290553842,map_000000225.png

-1.80199501419,3.47452815358,0.259546756879,0.338090330362,-0.00200973358005,-0.0799926072359,2.5618379875,3.74521171544,-1.14290553842,map_000000226.png

-1.76795939793,3.48328805939,0.251361729179,0.338090330362,-0.00200973358005,-0.0799926072359,2.5618379875,3.74521171544,-1.14290553842,map_000000227.png

-1.73517671375,3.49145817416,0.243497263775,0.338090330362,-0.00200973358005,-0.0799926072359,2.5618379875,3.74521171544,-1.14290553842,map_000000228.png

-1.70100484053,3.49967051385,0.235312150056,0.338090330362,-0.00200973358005,-0.0799926072359,2.5618379875,3.74521171544,-1.14290553842,map_000000229.png

-1.6667668949,3.50760288231,0.227127049848,0.338090330362,-0.00200973358005,-0.0799926072359,2.5618379875,3.74521171544,-1.14290553842,map_000000230.png

-1.63246517104,3.51525474912,0.218941955618,0.338090330362,-0.00200973358005,-0.0972265824676,2.5618379875,3.74521171544,-1.14290553842,map_000000231.png

-1.59810196615,3.52262560297,0.210756893562,0.338090330362,-0.00200973358005,-0.0972265824676,2.5618379875,3.74521171544,-1.14290553842,map_000000232.png

-1.56366504092,3.52969722206,0.201009485818,0.338090330362,-0.00200973358005,-0.0972265824676,2.5618379875,3.74521171544,-1.14290553842,map_000000233.png

-1.52916984809,3.53643894088,0.191065552239,0.338090330362,-0.00200973358005,-0.11446056515,2.5618379875,3.74521171544,-1.14290553842,map_000000234.png

-1.49461980034,3.54284770905,0.180113073584,0.338090330362,-0.00200973358005,-0.11446056515,2.5618379875,3.74521171544,-1.14290553842,map_000000235.png

-1.45998059286,3.54886277237,0.168412477541,0.338090330362,-0.00200973358005,-0.11446056515,2.5618379875,3.74521171544,-1.14290553842,map_000000236.png

-1.45998059286,3.54886277237,0.168412477541,0.338090330362,-0.00200973358005,-0.11446056515,2.5618379875,3.74521171544,-1.14290553842,map_000000237.png

-1.42529486435,3.55445074452,0.156703236154,0.338090330362,-0.00200973358005,-0.11446056515,2.5618379875,3.74521171544,-1.14290553842,map_000000238.png

-1.39052868869,3.55964967936,0.14500134112,0.338090330362,-0.00200973358005,-0.11446056515,2.5618379875,3.74521171544,-1.14290553842,map_000000239.png

-1.35569798177,3.56442657455,0.133291503915,0.338090330362,-0.00200973358005,-0.11446056515,2.5618379875,3.74521171544,-1.14290553842,map_000000240.png

-1.32216638952,3.56864507067,0.122037867723,0.338090330362,-0.00200973358005,-0.11446056515,2.5618379875,3.74521171544,-1.14290553842,map_000000241.png

-1.28725598991,3.57264201148,0.110339607919,0.338090330362,-0.00200973358005,-0.11446056515,2.5618379875,3.74521171544,-1.14290553842,map_000000242.png

-1.25228233352,3.57622806103,0.0986394936501,0.338090330362,-0.00200973358005,-0.11446056515,2.5618379875,3.74521171544,-1.14290553842,map_000000243.png

-1.21729060754,3.57938327984,0.086929826278,0.338090330362,-0.00200973358005,-0.11446056515,2.5618379875,3.74521171544,-1.14290553842,map_000000244.png

-1.18224678845,3.58214620223,0.0752282616131,0.338090330362,-0.00200973358005,-0.11446056515,2.5618379875,3.74521171544,-1.14290553842,map_000000245.png

-1.14716715042,3.58448399027,0.0635189503692,0.338090330362,-0.00200973358005,-0.303926646709,2.5618379875,3.74521171544,-1.14290553842,map_000000246.png

-1.11208329511,3.58643165926,0.0518205418504,0.338090330362,-0.00200973358005,-0.303926646709,2.5618379875,3.74521171544,-1.14290553842,map_000000247.png

-1.07696250897,3.58784494422,0.022226921334,0.338090330362,-0.00200973358005,-0.321160644293,2.5618379875,3.74521171544,-1.14290553842,map_000000248.png

-1.04182115904,3.58818434784,-0.0102105792169,0.338090330362,-0.00200973358005,-0.321160644293,2.5618379875,3.74521171544,-1.14290553842,map_000000249.png

-1.00666862287,3.58737399564,-0.0430555138968,0.338090330362,-0.00200973358005,-0.321160644293,2.5618379875,3.74521171544,-1.14290553842,map_000000250.png

-0.971585328679,3.58541769957,-0.0758972227486,0.338090330362,-0.00200973358005,-0.27376717329,2.5618379875,3.74521171544,-1.14290553842,map_000000251.png

-0.936564954252,3.58229408524,-0.107438167543,0.338090330362,-0.00200973358005,-0.170435100794,2.5618379875,3.74521171544,-1.14290553842,map_000000252.png

-0.903017693496,3.57829722138,-0.133540981911,0.338090330362,-0.00200973358005,-0.144584134221,2.5618379875,3.74521171544,-1.14290553842,map_000000253.png

-0.86822928526,3.57328464917,-0.150968851591,0.338090330362,-0.00200973358005,-0.144584134221,2.5618379875,3.74521171544,-1.14290553842,map_000000254.png

-0.833530858519,3.56768083943,-0.165956758107,0.338090330362,-0.00200973358005,-0.105843573809,2.5618379875,3.74521171544,-1.14290553842,map_000000255.png

-0.798918120883,3.56157207989,-0.177694492453,0.338090330362,-0.00200973358005,-0.0799926072359,2.5618379875,3.74521171544,-1.14290553842,map_000000256.png

-0.764374632593,3.55507685155,-0.186891521201,0.338090330362,-0.00200973358005,-0.0110925808549,2.5618379875,3.74521171544,-1.14290553842,map_000000257.png

-0.729890777148,3.54827397394,-0.192091310954,0.338090330362,-0.00200973358005,-0.0,2.5618379875,3.74521171544,-1.14290553842,map_000000258.png

-0.695440426692,3.54133899941,-0.192926132696,0.338090330362,-0.00200973358005,-0.0,2.5618379875,3.74521171544,-1.14290553842,map_000000259.png

-0.660977327721,3.5344054611,-0.192921573472,0.338090330362,-0.00200973358005,-0.0,2.5618379875,3.74521171544,-1.14290553842,map_000000260.png

-0.626523811554,3.52746197345,-0.192923102412,0.338090330362,-0.00200973358005,-0.0,2.5618379875,3.74521171544,-1.14290553842,map_000000261.png

-0.592080402665,3.52050870761,-0.192930094194,0.338090330362,-0.00200973358005,-0.0,2.5618379875,3.74521171544,-1.14290553842,map_000000262.png

-0.557617326045,3.5135750302,-0.192925552611,0.338090330362,-0.00200973358005,-0.0,2.5618379875,3.74521171544,-1.14290553842,map_000000263.png

-0.523163837607,3.50663140514,-0.192927097229,0.338090330362,-0.00200973358005,-0.0,2.5618379875,3.74521171544,-1.14290553842,map_000000264.png

-0.490035893188,3.499954923,-0.192928249478,0.338090330362,-0.00200973358005,-0.0,2.5618379875,3.74521171544,-1.14290553842,map_000000265.png

-0.490035893188,3.499954923,-0.192928249478,0.338090330362,-0.00200973358005,-0.0,2.5618379875,3.74521171544,-1.14290553842,map_000000266.png

-0.455580212303,3.49301320885,-0.192928401271,0.338090330362,-0.00200973358005,-0.0,2.5618379875,3.74521171544,-1.14290553842,map_000000267.png

-0.421119845597,3.48605832981,-0.19293434239,0.338090330362,-0.00200973358005,-0.0,2.5618379875,3.74521171544,-1.14290553842,map_000000268.png

-0.38667602939,3.47912381042,-0.192932345633,0.338090330362,-0.00200973358005,-0.0,2.5618379875,3.74521171544,-1.14290553842,map_000000269.png

-0.352220376367,3.47218195881,-0.192932478064,0.338090330362,-0.00200973358005,0.126201212406,2.5618379875,3.74521171544,-1.14290553842,map_000000270.png

-0.317750536443,3.46526739651,-0.182514730803,0.338090330362,-0.00200973358005,0.126201212406,2.5618379875,3.74521171544,-1.14290553842,map_000000271.png

-0.283223882347,3.45877487488,-0.169613036334,0.338090330362,-0.00200973358005,0.126201212406,2.5618379875,3.74521171544,-1.14290553842,map_000000272.png
-0.248582205368,3.45272920269,-0.156707846223,0.338090330362,-0.00200973358005,0.139126703143,2.5618379875,3.74521171544,-1.14290553842,map_000000273.png

-0.213899688111,3.44712832581,-0.143399133575,0.338090330362,-0.0109139578417,0.15205219388,2.5618379875,3.74521171544,-1.14290553842,map_000000274.png

-0.179128978266,3.44185921019,-0.128969058436,0.338090330362,-0.0109139578417,0.164977669716,2.5618379875,3.74521171544,-1.14290553842,map_000000275.png

-0.144413487728,3.43632504069,-0.113423200294,0.338090330362,-0.0109139578417,0.164977669716,2.5618379875,3.74521171544,-1.14290553842,map_000000276.png

-0.109581155647,3.43134183457,-0.0965529708278,0.338090330362,-0.0109139578417,0.164977669716,2.5618379875,3.74521171544,-1.14290553842,map_000000277.png

-0.0760378416751,3.42711234977,-0.0803293668202,0.338090330362,-0.0109139578417,0.0357946194708,2.5618379875,3.74521171544,-1.14290553842,map_000000278.png

-0.0410692283604,3.42326994056,-0.0715935811596,0.338090330362,-0.0109139578417,0.0185606386513,2.5618379875,3.74521171544,-1.14290553842,map_000000279.png

-0.00610736872248,3.41965164794,-0.0687491777788,0.338090330362,-0.0109139578417,0.0185606386513,2.5618379875,3.74521171544,-1.14290553842,map_000000280.png

0.0288906604114,3.41612886589,-0.0668468939452,0.338090330362,-0.0109139578417,0.0185606386513,2.5618379875,3.74521171544,-1.14290553842,map_000000281.png

0.0638857861429,3.41266280119,-0.0649498980202,0.338090330362,-0.0109139578417,0.0185606386513,2.5618379875,3.74521171544,-1.14290553842,map_000000282.png

0.0988873023282,3.40926305896,-0.0630531785632,0.338090330362,-0.0109139578417,0.139126703143,2.5618379875,3.74521171544,-1.14290553842,map_000000283.png

0.133885204463,3.40592011608,-0.0611613304291,0.338090330362,-0.0109139578417,0.139126703143,2.5618379875,3.74521171544,-1.14290553842,map_000000284.png

0.168916847994,3.40271053832,-0.0488273815956,0.338090330362,-0.0109139578417,0.139126703143,2.5618379875,3.74521171544,-1.14290553842,map_000000285.png

0.203979402381,3.39996526771,-0.034601757084,0.338090330362,-0.0109139578417,0.139126703143,2.5618379875,3.74521171544,-1.14290553842,map_000000286.png

0.23907747603,3.39771900743,-0.0203764446154,0.338090330362,-0.0109139578417,0.238186195493,2.5618379875,3.74521171544,-1.14290553842,map_000000287.png

0.274195704805,3.39594974599,-0.00264779867511,0.338090330362,-0.0109139578417,0.238186195493,2.5618379875,3.74521171544,-1.14290553842,map_000000288.png

0.309358168509,3.39490836523,0.021713291614,0.338090330362,-0.0109139578417,0.0616096891463,2.5618379875,3.74521171544,-1.14290553842,map_000000289.png

0.343167336947,3.39469907161,0.0451296151301,0.338090330362,-0.0109139578417,0.0444116108119,2.5618379875,3.74521171544,-1.14290553842,map_000000290.png

0.378348177289,3.39519677153,0.0514276913252,0.338090330362,-0.0109139578417,0.0444116108119,2.5618379875,3.74521171544,-1.14290553842,map_000000291.png

0.413489634296,3.39591023764,0.0563054603104,0.338090330362,-0.0109139578417,0.0271776299924,2.5618379875,3.74521171544,-1.14290553842,map_000000292.png

0.448655771931,3.39679683655,0.0596974525361,0.338090330362,-0.0109139578417,0.0271776299924,2.5618379875,3.74521171544,-1.14290553842,map_000000293.png

0.483809204706,3.39778155175,0.0624751706087,0.338090330362,-0.0109139578417,0.0271776299924,2.5618379875,3.74521171544,-1.14290553842,map_000000294.png

0.483809204706,3.39778155175,0.0624751706087,0.338090330362,-0.0109139578417,0.0271776299924,2.5618379875,3.74521171544,-1.14290553842,map_000000295.png

0.518961152706,3.39886444144,0.0652532581948,0.338090330362,-0.0109139578417,0.0271776299924,2.5618379875,3.74521171544,-1.14290553842,map_000000296.png

0.554110004512,3.40004400701,0.0680308294155,0.338090330362,-0.0109139578417,0.0271776299924,2.5618379875,3.74521171544,-1.14290553842,map_000000297.png

0.589264080323,3.40131257799,0.0708035578955,0.338090330362,-0.0109139578417,0.00994364824146,2.5618379875,3.74521171544,-1.14290553842,map_000000298.png

0.624396085598,3.40269683948,0.0735859775004,0.338090330362,-0.0109139578417,0.00994364824146,2.5618379875,3.74521171544,-1.14290553842,map_000000299.png

0.659532402973,3.4041646594,0.0748735360405,0.338090330362,-0.0109139578417,0.00994364824146,2.5618379875,3.74521171544,-1.14290553842,map_000000300.png

0.694671375524,3.40565850689,0.0758834182452,0.338090330362,-0.0109139578417,0.00994364824146,2.5618379875,3.74521171544,-1.14290553842,map_000000301.png

0.729792151059,3.4072083551,0.0769034745197,0.338090330362,-0.0109139578417,0.00994364824146,2.5618379875,3.74521171544,-1.14290553842,map_000000302.png

0.763560086812,3.40871361295,0.0778754565632,0.338090330362,-0.0109139578417,0.00994364824146,2.5618379875,3.74521171544,-1.14290553842,map_000000303.png

0.798696953647,3.41033406597,0.0788956135417,0.338090330362,-0.0109139578417,0.00994364824146,2.5618379875,3.74521171544,-1.14290553842,map_000000304.png

0.83382260068,3.41198035667,0.0799108663453,0.338090330362,-0.0109139578417,0.00994364824146,2.5618379875,3.74521171544,-1.14290553842,map_000000305.png

0.868936469241,3.41365254794,0.0809218991264,0.338090330362,-0.0109139578417,0.00994364824146,2.5618379875,3.74521171544,-1.14290553842,map_000000306.png

0.904068267621,3.41538000612,0.0819420455285,0.338090330362,-0.0109139578417,0.00994364824146,2.5618379875,3.74521171544,-1.14290553842,map_000000307.png

0.939188736388,3.41713329694,0.0829572827841,0.338090330362,-0.0109139578417,0.00994364824146,2.5618379875,3.74521171544,-1.14290553842,map_000000308.png

0.974297317759,3.41891248095,0.0839684239242,0.338090330362,-0.0109139578417,0.00994364824146,2.5618379875,3.74521171544,-1.14290553842,map_000000309.png

1.00942372049,3.42074692877,0.0849884680593,0.338090330362,-0.0109139578417,0.00994364824146,2.5618379875,3.74521171544,-1.14290553842,map_000000310.png
1.04453868476,3.42260720328,0.0860037105595,0.338090330362,-0.0109139578417,0.00994364824146,2.5618379875,3.74521171544,-1.14290553842,map_000000311.png

1.07964165188,3.42449336387,0.0870148212004,0.338090330362,-0.0109139578417,0.00994364824146,2.5618379875,3.74521171544,-1.14290553842,map_000000312.png

1.11341420231,3.42636177937,0.0879967481267,0.338090330362,-0.0109139578417,0.00994364824146,2.5618379875,3.74521171544,-1.14290553842,map_000000313.png

1.14853041516,3.42831652749,0.0890064337088,0.280230820179,-0.0109139578417,0.00994364824146,2.5618379875,3.74521171544,-1.14290553842,map_000000314.png

1.17948067692,3.42995442739,0.0900268341761,0.280230820179,-0.0109139578417,0.00994364824146,2.5618379875,3.74521171544,-1.14290553842,map_000000315.png

1.20859787613,3.43144992059,0.0910435341368,0.280230820179,-0.0109139578417,0.00994364824146,2.5618379875,3.74521171544,-1.14290553842,map_000000316.png

1.23771847418,3.43296187848,0.0920533673713,0.280230820179,-0.0109139578417,0.00994364824146,2.5618379875,3.74521171544,-1.14290553842,map_000000317.png

1.26682087227,3.43452373651,0.0930739885228,0.280230820179,-0.0109139578417,0.00994364824146,2.5618379875,3.74521171544,-1.14290553842,map_000000318.png

1.29593338298,3.43610793953,0.0940905246355,0.280230820179,-0.0109139578417,0.00994364824146,2.5618379875,3.74521171544,-1.14290553842,map_000000319.png

1.32504920884,3.4377086015,0.0951006025156,0.280230820179,-0.0109139578417,0.00994364824146,2.5618379875,3.74521171544,-1.14290553842,map_000000320.png
1.35414673978,3.43935916031,0.0961211856146,0.280230820179,-0.0109139578417,0.00994364824146,2.5618379875,3.74521171544,-1.14290553842,map_000000321.png

1.35414673978,3.43935916031,0.0961211856146,0.260196328163,-0.0109139578417,0.00994364824146,2.5618379875,3.74521171544,-1.14290553842,map_000000322.png

1.38325429164,3.44103205725,0.0971377359007,0.260196328163,-0.0109139578417,0.00994364824146,2.5618379875,3.74521171544,-1.14290553842,map_000000323.png

1.41116929117,3.44260404276,0.0981475876403,0.24906603992,-0.0109139578417,0.00994364824146,2.5618379875,3.74521171544,-1.14290553842,map_000000324.png

1.43774636412,3.44409423253,0.0991682356036,0.240161821246,-0.0109139578417,0.00994364824146,2.5618379875,3.74521171544,-1.14290553842,map_000000325.png

1.46244079233,3.44544819529,0.100140815376,0.240161821246,-0.0109139578417,0.00994364824146,2.5618379875,3.74521171544,-1.14290553842,map_000000326.png

1.48740468492,3.44682760064,0.101161089933,0.240161821246,-0.0109139578417,0.0228691343218,2.5618379875,3.74521171544,-1.14290553842,map_000000327.png

1.51235754279,3.44822251829,0.102176811321,0.240161821246,-0.0109139578417,0.0228691343218,2.5618379875,3.74521171544,-1.14290553842,map_000000328.png

1.5373101449,3.44964406093,0.104362315312,0.240161821246,-0.0109139578417,0.0228691343218,2.5618379875,3.74521171544,-1.14290553842,map_000000329.png
1.56227003473,3.45111318565,0.106695050848,0.240161821246,-0.0109139578417,0.0228691343218,2.5618379875,3.74521171544,-1.14290553842,map_000000330.png

1.58720832337,3.45265878183,0.10903753137,0.231275543571,-0.0109139578417,0.113311633468,2.5618379875,3.74521171544,-1.14290553842,map_000000331.png

1.61180161309,3.45419519964,0.114932471464,0.204562872648,-0.0109139578417,0.126201212406,2.5618379875,3.74521171544,-1.14290553842,map_000000332.png

1.63518429407,3.45576654745,0.126822965659,0.166719928384,-0.0,0.139126703143,2.5618379875,3.74521171544,-1.14290553842,map_000000333.png

1.65611742495,3.45738347866,0.139829480241,0.166719928384,-0.0,0.139126703143,2.5618379875,3.74521171544,-1.14290553842,map_000000334.png

1.67328298653,3.45978139551,0.154056174009,0.166719928384,-0.0,0.139126703143,2.5618379875,3.74521171544,-1.14290553842,map_000000335.png

1.69041268466,3.46242331078,0.168283113622,0.166719928384,-0.0,0.139126703143,2.5618379875,3.74521171544,-1.14290553842,map_000000336.png

1.70750308118,3.46530861729,0.182509862803,0.166719928384,-0.0,0.139126703143,2.5618379875,3.74521171544,-1.14290553842,map_000000337.png

1.72388683583,3.46830300237,0.196186120553,0.166719928384,-0.0,0.0401031151414,2.5618379875,3.74521171544,-1.14290553842,map_000000338.png

1.74089307079,3.47169898504,0.206522114158,0.166719928384,-0.0,0.0228691343218,2.5618379875,3.74521171544,-1.14290553842,map_000000339.png

1.75785885272,3.47525054224,0.210215466184,0.166719928384,-0.0,0.0228691343218,2.5618379875,3.74521171544,-1.14290553842,map_000000340.png

1.77481987744,3.47885531507,0.212547972851,0.166719928384,-0.0,0.0228691343218,2.5618379875,3.74521171544,-1.14290553842,map_000000341.png
1.7917539675,3.48251794524,0.214891189003,0.166719928384,-0.0,0.0228691343218,2.5618379875,3.74521171544,-1.14290553842,map_000000342.png

1.80868772887,3.48621107815,0.217229162675,0.166719928384,-0.0,0.0228691343218,2.5618379875,3.74521171544,-1.14290553842,map_000000343.png

1.82561393843,3.4899442706,0.219567514965,0.166719928384,-0.0,0.0228691343218,2.5618379875,3.74521171544,-1.14290553842,map_000000344.png

1.84253201911,3.49371617737,0.221905221523,0.166719928384,-0.0,0.0228691343218,2.5618379875,3.74521171544,-1.14290553842,map_000000345.png

1.85944964392,3.49751885774,0.22423769749,0.166719928384,-0.0,0.0228691343218,2.5618379875,3.74521171544,-1.14290553842,map_000000346.png

1.87633986525,3.50137929977,0.226580998164,0.188980489969,-0.0,0.00563515303656,2.5618379875,3.74521171544,-1.14290553842,map_000000347.png

1.89348972444,3.5053324207,0.228715550825,0.188980489969,-0.0,0.00563515303656,2.5618379875,3.74521171544,-1.14290553842,map_000000348.png

1.91262521458,3.50978821766,0.229291840055,0.188980489969,-0.0,0.00563515303656,2.5618379875,3.74521171544,-1.14290553842,map_000000349.png

1.93101837567,3.51407940623,0.229844611923,0.188980489969,-0.0,0.00563515303656,2.5618379875,3.74521171544,-1.14290553842,map_000000350.png

1.93101837567,3.51407940623,0.229844611923,0.195658653975,-0.0,-0.0,2.5618379875,3.74521171544,-1.14290553842,map_000000351.png

1.95014692288,3.51855493445,0.23042001075,0.195658653975,-0.0,-0.0,2.5618379875,3.74521171544,-1.14290553842,map_000000352.png

1.96965238776,3.52312454792,0.230659519362,0.195658653975,-0.0,-0.0,2.5618379875,3.74521171544,-1.14290553842,map_000000353.png

1.98946282749,3.52778443765,0.230662439817,0.195658653975,-0.0,-0.0,2.5618379875,3.74521171544,-1.14290553842,map_000000354.png
2.00926352079,3.53243440602,0.230661547544,0.195658653975,-0.0,-0.0,2.5618379875,3.74521171544,-1.14290553842,map_000000355.png

2.02905413807,3.53707447743,0.23065721778,0.195658653975,-0.0,-0.0,2.5618379875,3.74521171544,-1.14290553842,map_000000356.png

2.04886458863,3.54173432197,0.230660159352,0.195658653975,-0.0,-0.0,2.5618379875,3.74521171544,-1.14290553842,map_000000357.png

2.06866529231,3.54638424538,0.230659263024,0.195658653975,-0.0,-0.0,2.5618379875,3.74521171544,-1.14290553842,map_000000358.png
2.08845592069,3.55102427154,0.230654982613,0.195658653975,-0.0,-0.0,2.5618379875,3.74521171544,-1.14290553842,map_000000359.png

2.10826638148,3.55568407125,0.230657873083,0.195658653975,-0.0,-0.0,2.5618379875,3.74521171544,-1.14290553842,map_000000360.png

2.12806709587,3.5603339496,0.230656980458,0.195658653975,-0.0,-0.0,2.5618379875,3.74521171544,-1.14290553842,map_000000361.png

2.14785773482,3.56497393061,0.230652702661,0.195658653975,0.00161478819791,-0.0,2.5618379875,3.74521171544,-1.14290553842,map_000000362.png

2.16690415523,3.56947547172,0.230656329257,0.195658653975,0.00161478819791,-0.0,2.5618379875,3.74521171544,-1.14290553842,map_000000363.png

2.18667396089,3.57427761945,0.230649470389,0.195658653975,0.00161478819791,-0.0,2.5618379875,3.74521171544,-1.14290553842,map_000000364.png

2.20642667741,3.57910017625,0.230654087425,0.186754435301,0.00161478819791,-0.0,2.5618379875,3.74521171544,-1.14290553842,map_000000365.png

2.22549771822,3.58375242525,0.230654024641,0.186754435301,0.00161478819791,-0.0,2.5618379875,3.74521171544,-1.14290553842,map_000000366.png

2.24436643103,3.5883429202,0.230647296717,0.177850201726,0.00161478819791,-0.0,2.5618379875,3.74521171544,-1.14290553842,map_000000367.png

2.26280216452,3.5928561646,0.230651927621,0.168945983052,-0.0,-0.0,2.5618379875,3.74521171544,-1.14290553842,map_000000368.png

2.28049868868,3.5971325382,0.230651919135,0.160059705377,-0.0,-0.0,2.5618379875,3.74521171544,-1.14290553842,map_000000369.png
2.29746521697,3.60110387407,0.230645276453,0.160059705377,-0.0,-0.0,2.5618379875,3.74521171544,-1.14290553842,map_000000370.png

2.31365374814,3.60491694693,0.23065007156,0.160059705377,-0.0,-0.0,2.5618379875,3.74521171544,-1.14290553842,map_000000371.png

2.32985370586,3.60872247901,0.230649933436,0.160059705377,-0.0,-0.0,2.5618379875,3.74521171544,-1.14290553842,map_000000372.png

2.34605931221,3.6125150952,0.230643386883,0.160059705377,-0.0,-0.0,2.5618379875,3.74521171544,-1.14290553842,map_000000373.png

2.36224785054,3.61632813923,0.230648063004,0.160059705377,-0.0,-0.0,2.5618379875,3.74521171544,-1.14290553842,map_000000374.png

2.37781303273,3.61997567535,0.230643906768,0.160059705377,0.00384084414691,-0.0,2.5618379875,3.74521171544,-1.14290553842,map_000000375.png

2.39399285532,3.62390887168,0.230646958019,0.160059705377,0.00384084414691,-0.0,2.5618379875,3.74521171544,-1.14290553842,map_000000376.png

2.41009971893,3.62810124561,0.230646240596,0.160059705377,0.00384084414691,-0.0,2.5618379875,3.74521171544,-1.14290553842,map_000000377.png

2.42619653033,3.63228373142,0.230642115676,0.160059705377,0.00384084414691,-0.00678408518434,2.5618379875,3.74521171544,-1.14290553842,map_000000378.png

2.42619653033,3.63228373142,0.230642115676,0.160059705377,0.00384084414691,-0.00678408518434,2.5618379875,3.74521171544,-1.14290553842,map_000000379.png

2.44231317004,3.63648599366,0.230645159642,0.0843917578459,0.00384084414691,-0.00678408518434,2.5618379875,3.74521171544,-1.14290553842,map_000000380.png

2.45841971995,3.64068010258,0.230084093461,0.0843917578459,0.00384084414691,-0.00678408518434,2.5618379875,3.74521171544,-1.14290553842,map_000000381.png

2.46951069129,3.64368396433,0.229386458799,0.0465488061309,0.00384084414691,-0.00678408518434,2.5618379875,3.74521171544,-1.14290553842,map_000000382.png

2.47605646059,3.64563487261,0.228696036829,0.0176280289888,0.00384084414691,-0.00678408518434,2.5618379875,3.74521171544,-1.14290553842,map_000000383.png

2.47966417836,3.64689031012,0.228002127795,0.0176280289888,0.00384084414691,-0.0584860295057,2.5618379875,3.74521171544,-1.14290553842,map_000000384.png

2.4813453835,3.64769852632,0.226287975701,0.0176280289888,0.00384084414691,-0.424492716789,2.5618379875,3.74521171544,-1.14290553842,map_000000385.png

2.48304155062,3.64856017505,0.220310382334,0.0176280289888,0.00384084414691,-0.424492716789,2.5618379875,3.74521171544,-1.14290553842,map_000000386.png

2.48467747729,3.64971516471,0.176895430073,0.0176280289888,0.00384084414691,-0.424492716789,2.5618379875,3.74521171544,-1.14290553842,map_000000387.png

2.48629405686,3.65077321248,0.135157868693,0.0176280289888,-0.0,-0.424492716789,2.5618379875,3.74521171544,-1.14290553842,map_000000388.png

2.4880497209,3.65153338706,0.0917471977506,0.0176280289888,-0.0,-0.424492716789,2.5618379875,3.74521171544,-1.14290553842,map_000000389.png

2.4898445616,3.65207516742,0.0483351781104,0.0176280289888,-0.0,-0.424492716789,2.5618379875,3.74521171544,-1.14290553842,map_000000390.png

2.49166912077,3.65254584348,0.00492585960339,0.0176280289888,-0.0,-0.424492716789,2.5618379875,3.74521171544,-1.14290553842,map_000000391.png

2.49350831869,3.65293329754,-0.0384850257895,0.0176280289888,-0.0,-0.424492716789,2.5618379875,3.74521171544,-1.14290553842,map_000000392.png

2.49536254126,3.653240564,-0.0818957849655,0.0176280289888,-0.0,-0.424492716789,2.5618379875,3.74521171544,-1.14290553842,map_000000393.png

2.49722840922,3.65346707884,-0.12530673823,0.0176280289888,-0.0,-0.424492716789,2.5618379875,3.74521171544,-1.14290553842,map_000000394.png

2.49910404635,3.65361072333,-0.168718352611,0.0176280289888,-0.0,-0.424492716789,2.5618379875,3.74521171544,-1.14290553842,map_000000395.png

2.50097581576,3.65367126719,-0.212131227249,0.0176280289888,-0.0,-0.424492716789,2.5618379875,3.74521171544,-1.14290553842,map_000000396.png

2.50286146978,3.65365748182,-0.255540115463,0.0176280289888,-0.0,-0.424492716789,2.5618379875,3.74521171544,-1.14290553842,map_000000397.png

2.50466384041,3.65355606084,-0.297285541905,0.0176280289888,-0.0,-0.424492716789,2.5618379875,3.74521171544,-1.14290553842,map_000000398.png

2.50654805307,3.65337556929,-0.340696163252,-0.0,0.0105010597035,-0.424492716789,2.5618379875,3.74521171544,-1.14290553842,map_000000399.png

2.50839561317,3.6531206154,-0.384109046333,-0.0,0.0972992926836,-0.424492716789,2.5618379875,3.74521171544,-1.14290553842,map_000000400.png

2.50899299314,3.65451455492,-0.427516101337,-0.0,0.0972992926836,-0.424492716789,2.5618379875,3.74521171544,-1.14290553842,map_000000401.png

2.51298004063,3.66274311832,-0.470927532511,-0.0,0.0972992926836,-0.424492716789,2.5618379875,3.74521171544,-1.14290553842,map_000000402.png

2.51795335448,3.67202654615,-0.514338919146,-0.0,0.0972992926836,-0.424492716789,2.5618379875,3.74521171544,-1.14290553842,map_000000403.png

2.52332488245,3.68108531957,-0.557750341801,-0.0,0.0972992926836,-0.424492716789,2.5618379875,3.74521171544,-1.14290553842,map_000000404.png

2.52908442283,3.68990253067,-0.601161733109,-0.0,0.0883950665593,-0.424492716789,2.5618379875,3.74521171544,-1.14290553842,map_000000405.png

2.53511496132,3.69831856612,-0.644573145377,-0.0,0.0438918992877,-0.424492716789,2.5618379875,3.74521171544,-1.14290553842,map_000000406.png

2.53511496132,3.69831856612,-0.644573145377,-0.0,0.0438918992877,-0.359901189804,2.5618379875,3.74521171544,-1.14290553842,map_000000407.png

2.54093310878,3.70573737643,-0.68798445401,-0.0,0.0438918992877,-0.359901189804,2.5618379875,3.74521171544,-1.14290553842,map_000000408.png

2.54417481522,3.70951736784,-0.731395638077,-0.0,0.0438918992877,-0.359901189804,2.5618379875,3.74521171544,-1.14290553842,map_000000409.png

2.54753014549,3.71312071181,-0.768963539028,-0.0,0.0260834526271,-0.161818116903,2.5618379875,3.74521171544,-1.14290553842,map_000000410.png

2.5498675536,3.71546578028,-0.790329953287,-0.0,0.0171792283654,-0.101535081863,2.5618379875,3.74521171544,-1.14290553842,map_000000411.png

2.55153060797,3.71710946085,-0.803559141466,-0.0,0.0171792283654,-0.450343698263,2.5618379875,3.74521171544,-1.14290553842,map_000000412.png

2.55299370474,3.71848268511,-0.826289935912,-0.0,0.0171792283654,-0.502009749413,2.5618379875,3.74521171544,-1.14290553842,map_000000413.png

2.55465681133,3.71996468082,-0.873365533276,-0.0,0.00827500410378,-0.502009749413,2.5618379875,3.74521171544,-1.14290553842,map_000000414.png

2.55642627254,3.72136091313,-0.924698536227,-0.0,-0.0,-0.502009749413,2.5618379875,3.74521171544,-1.14290553842,map_000000415.png

2.55751040141,3.72215152819,-0.97604186155,-0.0,-0.0,-0.502009749413,2.5618379875,3.74521171544,-1.14290553842,map_000000416.png

2.55802330091,3.72247056282,-1.02737489978,-0.0,-0.0,-0.385752171278,2.5618379875,3.74521171544,-1.14290553842,map_000000417.png

2.55836400941,3.72267919181,-1.07002987209,-0.0,-0.0,-0.200594574213,2.5618379875,3.74521171544,-1.14290553842,map_000000418.png

2.55862694618,3.72280569338,-1.09927830495,-0.0,-0.0,-0.148892626166,2.5618379875,3.74521171544,-1.14290553842,map_000000419.png

2.55878529716,3.72290146465,-1.11775467777,-0.0,-0.0,-0.105843573809,2.5618379875,3.74521171544,-1.14290553842,map_000000420.png

2.55890013218,3.72295221453,-1.13197034276,-0.0,-0.0,-0.0799926072359,2.5618379875,3.74521171544,-1.14290553842,map_000000421.png

2.55900147609,3.72298625637,-1.14258908531,-0.0,-0.0,-0.019709572196,2.5618379875,3.74521171544,-1.14290553842,map_000000422.png

2.55906150866,3.7230262144,-1.15045691261,-0.0,-0.0,-0.019709572196,2.5618379875,3.74521171544,-1.14290553842,map_000000423.png

2.55908205228,3.72304028063,-1.15318455208,-0.0,-0.0,-0.00678408518434,2.5618379875,3.74521171544,-1.14290553842,map_000000424.png

2.55908205228,3.72304028063,-1.15318455208,-0.0,-0.0,-0.0,2.5618379875,3.74521171544,-1.14290553842,map_000000425.png

