-4.499989414830001,0.49998865814800003,-0.849988423051,0.0,-0.0,-0.0,2.5618379875,3.7452117154400004,-1.14290553842
-4.499989414830001,0.49998865814800003,-0.849988423051,0.0,-0.0,-0.0,2.5618379875,3.7452117154400004,-1.14290553842
-4.49998027026,0.499979516941,-0.849988058614,0.0,-0.0,-0.0,2.5618379875,3.7452117154400004,-1.14290553842
-4.49998935722,0.499988607943,-0.849988366833,0.0,-0.0,-0.0,2.5618379875,3.7452117154400004,-1.14290553842
-4.49999925769,0.499998513575,-0.849988810529,0.0,-0.0,-0.0,2.5618379875,3.7452117154400004,-1.14290553842
-4.499987667,0.499986915445,-0.849988236966,0.0,-0.0,-0.0,2.5618379875,3.7452117154400004,-1.14290553842
-4.49998936476,0.49998860457500005,-0.849988368054,0.0,-0.0,-0.0,2.5618379875,3.7452117154400004,-1.14290553842
-4.4999893564399995,0.499988593123,-0.849988176592,0.0,-0.0,-0.0,2.5618379875,3.7452117154400004,-1.14290553842
-4.499980212340001,0.49997945135399996,-0.849987737379,0.0,-0.0,-0.0,2.5618379875,3.7452117154400004,-1.14290553842
-4.4999892984,0.49998854331,-0.849988177631,0.0,-0.0,-0.0,2.5618379875,3.7452117154400004,-1.14290553842
-4.4999892984,0.49998854331,-0.849988177631,0.0,-0.0,-0.0,2.5618379875,3.7452117154400004,-1.14290553842
-4.4999991993,0.49999844845200003,-0.849988558917,0.0,-0.0,-0.0,2.5618379875,3.7452117154400004,-1.14290553842
-4.49998760765,0.499986851272,-0.849988124272,0.0,-0.0,0.117584228516,2.5618379875,3.7452117154400004,-1.14290553842
-4.49998930638,0.499988539551,-0.849988121595,0.0,-0.0,0.117584228516,2.5618379875,3.7452117154400004,-1.14290553842
-4.500068993419999,0.49991777022399997,-0.83888837874,0.0,-0.0,0.182211652398,2.5618379875,3.7452117154400004,-1.14290553842
-4.500188537350001,0.49980865039399996,-0.8220337502799999,0.0,-0.0,0.307086229324,2.5618379875,3.7452117154400004,-1.14290553842
-4.50036933515,0.499636401686,-0.7960322229889999,0.0,-0.0,0.332901299,2.5618379875,3.7452117154400004,-1.14290553842
-4.50058910513,0.4994145014,-0.763510814615,0.0,-0.0,0.345826774836,2.5618379875,3.7452117154400004,-1.14290553842
-4.50081352448,0.499172065754,-0.729110564844,0.0,-0.0,0.37167775631,2.5618379875,3.7452117154400004,-1.14290553842
-4.50102381041,0.498928834011,-0.694897701917,0.0,-0.0,0.38460323214500003,2.5618379875,3.7452117154400004,-1.14290553842
-4.5012483388,0.49863032324900003,-0.656891833889,0.0,-0.0,0.38460323214500003,2.5618379875,3.7452117154400004,-1.14290553842
-4.50147700307,0.498342170408,-0.617657595635,0.0,-0.0,0.39749282598499996,2.5618379875,3.7452117154400004,-1.14290553842
-4.50169100884,0.498008398538,-0.577367091862,0.0,-0.0,0.39749282598499996,2.5618379875,3.7452117154400004,-1.14290553842
-4.50190188905,0.49769183743199996,-0.536712588137,0.0,-0.0,0.39749282598499996,2.5618379875,3.7452117154400004,-1.14290553842
-4.502090937519999,0.497338346348,-0.496067437954,0.0,-0.0,0.39749282598499996,2.5618379875,3.7452117154400004,-1.14290553842
-4.50227443138,0.49700607052900003,-0.455412548452,0.0,-0.0,0.39749282598499996,2.5618379875,3.7452117154400004,-1.14290553842
-4.50243509385,0.496638106227,-0.414767940647,0.0,-0.0,0.39749282598499996,2.5618379875,3.7452117154400004,-1.14290553842
-4.50259005497,0.49629237633199996,-0.37411314104099996,0.0,-0.0,0.39749282598499996,2.5618379875,3.7452117154400004,-1.14290553842
-4.50272121134,0.495912300648,-0.33346816574,0.0,-0.0,0.39749282598499996,2.5618379875,3.7452117154400004,-1.14290553842
-4.50284667791,0.495555461111,-0.292813218595,0.0,-0.0,0.39749282598499996,2.5618379875,3.7452117154400004,-1.14290553842
-4.5029474071,0.495165734674,-0.25216889423300004,0.0,-0.0,0.39749282598499996,2.5618379875,3.7452117154400004,-1.14290553842
-4.503041060869999,0.494807606251,-0.213080536721,0.0,-0.0,0.39749282598499996,2.5618379875,3.7452117154400004,-1.14290553842
-4.50311621058,0.494424775211,-0.17243060640900001,0.0,-0.0,0.39749282598499996,2.5618379875,3.7452117154400004,-1.14290553842
-4.50317562606,0.49403909552599995,-0.131780813534,0.0,-0.0,0.39749282598499996,2.5618379875,3.7452117154400004,-1.14290553842
-4.5032194180500005,0.493651446035,-0.09113089112810001,0.0,-0.0,0.39749282598499996,2.5618379875,3.7452117154400004,-1.14290553842
-4.50324733992,0.4932622549600001,-0.0504810511873,0.0,-0.0,0.39749282598499996,2.5618379875,3.7452117154400004,-1.14290553842
-4.50325949456,0.492872355273,-0.0098311867355,0.0,-0.0,0.39749282598499996,2.5618379875,3.7452117154400004,-1.14290553842
-4.50325573139,0.492482215358,0.030818595618799998,0.0,-0.0,0.39749282598499996,2.5618379875,3.7452117154400004,-1.14290553842
-4.50323617748,0.492092645236,0.0714685113467,0.0,-0.0,0.39749282598499996,2.5618379875,3.7452117154400004,-1.14290553842
-4.50323617748,0.492092645236,0.0714685113467,0.0,-0.0,0.39749282598499996,2.5618379875,3.7452117154400004,-1.14290553842
-4.5032007494,0.491704127331,0.11211831136700001,0.0,-0.0,0.39749282598499996,2.5618379875,3.7452117154400004,-1.14290553842
-4.5031496209599995,0.49131746384400005,0.152768154923,0.0,-0.0,0.39749282598499996,2.5618379875,3.7452117154400004,-1.14290553842
-4.503082763969999,0.490933134525,0.193417906237,0.0,-0.0,0.39749282598499996,2.5618379875,3.7452117154400004,-1.14290553842
-4.5030077123300005,0.49054482920599995,0.234063716814,0.0,-0.0,0.39749282598499996,2.5618379875,3.7452117154400004,-1.14290553842
-4.50290600683,0.490189730276,0.273150897949,0.0,-0.0,0.41472679376599997,2.5618379875,3.7452117154400004,-1.14290553842
-4.50279780623,0.489799155655,0.314881092292,0.0,-0.0,0.41472679376599997,2.5618379875,3.7452117154400004,-1.14290553842
-4.50265572018,0.489423192179,0.35729373215099997,0.0,-0.0,0.427652269602,2.5618379875,3.7452117154400004,-1.14290553842
-4.5025038425599995,0.489041917121,0.400110880757,0.0,-0.0,0.45350325107600004,2.5618379875,3.7452117154400004,-1.14290553842
-4.50233898106,0.48864874436300004,0.444146208775,0.0,-0.0,0.45350325107600004,2.5618379875,3.7452117154400004,-1.14290553842
-4.50213021175,0.488260145851,0.490523626816,0.0,-0.0,0.45350325107600004,2.5618379875,3.7452117154400004,-1.14290553842
-4.50191154293,0.48787310248000004,0.536899384775,0.0,-0.0,0.466392844915,2.5618379875,3.7452117154400004,-1.14290553842
-4.50167842703,0.487479238833,0.5843384983600001,0.0,-0.0,0.466392844915,2.5618379875,3.7452117154400004,-1.14290553842
-4.50140797862,0.48711302351700003,0.632033349631,0.0,-0.0,0.466392844915,2.5618379875,3.7452117154400004,-1.14290553842
-4.50112887852,0.48675087769599995,0.679727187458,0.0,-0.0,0.466392844915,2.5618379875,3.7452117154400004,-1.14290553842
-4.50084246742,0.486392834264,0.727420577318,0.0,-0.0,0.466392844915,2.5618379875,3.7452117154400004,-1.14290553842
-4.500524298469999,0.48606779393,0.775117290036,0.0,-0.0,0.466392844915,2.5618379875,3.7452117154400004,-1.14290553842
-4.50020885089,0.485759988481,0.820979103937,0.0,-0.0,0.466392844915,2.5618379875,3.7452117154400004,-1.14290553842
-4.49986001225,0.485451193794,0.8686716978360001,0.0,-0.0,0.47931832075099995,2.5618379875,3.7452117154400004,-1.14290553842
-4.499513236,0.485174581784,0.917447245643,0.0,-0.0,0.552526831627,2.5618379875,3.7452117154400004,-1.14290553842
-4.499082275899999,0.484858078159,0.971353052567,0.0,-0.0,0.565452337265,2.5618379875,3.7452117154400004,-1.14290553842
-4.498637938,0.484573842053,1.02847850009,-0.0,-0.0,0.565452337265,2.5618379875,3.7452117154400004,-1.14290553842
-4.49814584331,0.48429480592600005,1.0863006822399999,-0.0,-0.0,0.565452337265,2.5618379875,3.7452117154400004,-1.14290553842
-4.4976396772300005,0.484041468864,1.14412283385,-0.0,-0.0,0.565452337265,2.5618379875,3.7452117154400004,-1.14290553842
-4.49712951272,0.48382691423199997,1.2019500775,-0.0,-0.0,0.5482183694839999,2.5618379875,3.7452117154400004,-1.14290553842
-4.49660271982,0.483636917279,1.25977389922,-0.0,-0.0,0.5482183694839999,2.5618379875,3.7452117154400004,-1.14290553842
-4.4960937882300005,0.48348944127099996,1.31611414234,0.0754875317216,-0.0,0.16928617656199998,2.5618379875,3.7452117154400004,-1.14290553842
-4.49455950965,0.488702391664,1.34534264455,0.19343259930599999,-0.0,0.0702266842127,2.5618379875,3.7452117154400004,-1.14290553842
-4.49160194822,0.501571681468,1.35731299123,0.22014527022799998,-0.0,0.0702266842127,2.5618379875,3.7452117154400004,-1.14290553842
-4.49160194822,0.501571681468,1.35731299123,0.22014527022799998,-0.0,0.0702266842127,2.5618379875,3.7452117154400004,-1.14290553842
-4.48717503273,0.52207044548,1.36449953662,0.226823434234,-0.0,0.0702266842127,2.5618379875,3.7452117154400004,-1.14290553842
-4.4824770892000005,0.544578976544,1.37168178153,0.233483657241,-0.0,0.20802672207400003,2.5618379875,3.7452117154400004,-1.14290553842
-4.477826131840001,0.567697458227,1.37886402568,0.233483657241,-0.0,0.294160723686,2.5618379875,3.7452117154400004,-1.14290553842
-4.47323646117,0.5915338253719999,1.4001364324899999,0.233483657241,-0.0,0.294160723686,2.5618379875,3.7452117154400004,-1.14290553842
-4.46917083811,0.6154517205210001,1.42886850558,0.233483657241,-0.0,0.199409738183,2.5618379875,3.7452117154400004,-1.14290553842
-4.46579812909,0.639503934858,1.4522376143900002,0.233483657241,-0.0,0.009943648241459999,2.5618379875,3.7452117154400004,-1.14290553842
-4.4629978532,0.6636060787960001,1.46293722295,0.233483657241,-0.0,0.009943648241459999,2.5618379875,3.7452117154400004,-1.14290553842
-4.46039691537,0.68774687483,1.4639592682700002,0.233483657241,-0.0,0.24680317938299998,2.5618379875,3.7452117154400004,-1.14290553842
-4.45777499254,0.711877265369,1.4696343532700002,0.233483657241,-0.0,0.264001250267,2.5618379875,3.7452117154400004,-1.14290553842
-4.45536755073,0.736025101621,1.49493721498,0.233483657241,-0.0,0.264001250267,2.5618379875,3.7452117154400004,-1.14290553842
-4.4536033782999995,0.760229754169,1.5219450099399998,0.233483657241,-0.0,0.264001250267,2.5618379875,3.7452117154400004,-1.14290553842
-4.45249511165,0.783555105163,1.54790003155,0.233483657241,-0.0,0.074535176158,2.5618379875,3.7452117154400004,-1.14290553842
-4.45202201514,0.807825883568,1.5622294166400001,0.233483657241,-0.0,-0.0,2.5618379875,3.7452117154400004,-1.14290553842
-4.45184487701,0.832100191595,1.56574758838,0.233483657241,-0.0,-0.0,2.5618379875,3.7452117154400004,-1.14290553842
-4.45171053069,0.856359888142,1.5657418753499999,0.233483657241,-0.0,-0.0,2.5618379875,3.7452117154400004,-1.14290553842
-4.45159777988,0.880641287034,1.5657466449700002,0.233483657241,-0.0,-0.0,2.5618379875,3.7452117154400004,-1.14290553842
-4.45147710108,0.904915016881,1.56574759426,0.233483657241,-0.0,-0.0,2.5618379875,3.7452117154400004,-1.14290553842
-4.4513427513099995,0.9291747093189999,1.56574183766,0.233483657241,-0.0,-0.0,2.5618379875,3.7452117154400004,-1.14290553842
-4.4512299999,0.9534561083490001,1.56574668324,0.233483657241,-0.0,-0.0,2.5618379875,3.7452117154400004,-1.14290553842
-4.45110932125,0.9777298381890001,1.56574761522,0.233483657241,-0.0,-0.0,2.5618379875,3.7452117154400004,-1.14290553842
-4.45097497179,1.00198953075,1.5657418511899999,0.233483657241,-0.0,-0.0670671164989,2.5618379875,3.7452117154400004,-1.14290553842
-4.45086604194,1.02626105362,1.5631029800299998,0.233483657241,-0.0,-0.235026627779,2.5618379875,3.7452117154400004,-1.14290553842
-4.45069845431,1.05054298162,1.55228068099,0.233483657241,-0.0,-0.252260625362,2.5618379875,3.7452117154400004,-1.14290553842
-4.45023573514,1.0738810541700001,1.5291048147,0.233483657241,-0.0,-0.0,2.5618379875,3.7452117154400004,-1.14290553842
-4.449168602049999,1.09813100755,1.50330613299,0.233483657241,-0.0,-0.0,2.5618379875,3.7452117154400004,-1.14290553842
-4.44747481507,1.1223372448200002,1.49933299449,0.233483657241,-0.0,-0.0,2.5618379875,3.7452117154400004,-1.14290553842
-4.44575167052,1.1465569981100001,1.49933810136,0.233483657241,-0.0,-0.0,2.5618379875,3.7452117154400004,-1.14290553842
-4.44575167052,1.1465569981100001,1.49933810136,0.233483657241,-0.0,-0.0,2.5618379875,3.7452117154400004,-1.14290553842
-4.4440206357,1.1707691393000002,1.49933917814,0.233483657241,-0.0,-0.0,2.5618379875,3.7452117154400004,-1.14290553842
-4.44227587074,1.1949671641500001,1.49933298326,0.233483657241,-0.0,-0.0,2.5618379875,3.7452117154400004,-1.14290553842
-4.440552723040001,1.2191869154200001,1.49933826252,0.233483657241,-0.0,-0.0,2.5618379875,3.7452117154400004,-1.14290553842
-4.43882169008,1.24339905668,1.49933915581,0.233483657241,-0.0,-0.0,2.5618379875,3.7452117154400004,-1.14290553842
-4.4370769247,1.2675970818100002,1.4993330244499998,0.233483657241,-0.0,-0.0,2.5618379875,3.7452117154400004,-1.14290553842
-4.43535377846,1.29181683299,1.4993381537900001,0.233483657241,-0.0,-0.0,2.5618379875,3.7452117154400004,-1.14290553842
-4.433622744619999,1.31602897424,1.49933915306,0.233483657241,-0.0,-0.0,2.5618379875,3.7452117154400004,-1.14290553842
-4.43195446765,1.3393056252,1.4993382015,0.233483657241,-0.0,-0.0,2.5618379875,3.7452117154400004,-1.14290553842
-4.43022343433,1.36351776641,1.4993391458399998,0.233483657241,-0.0,-0.135967135429,2.5618379875,3.7452117154400004,-1.14290553842
-4.42851163641,1.3877278569299998,1.49612931713,0.233483657241,-0.0,-0.135967135429,2.5618379875,3.7452117154400004,-1.14290553842
-4.42666963537,1.411932346,1.48222330229,0.233483657241,-0.0,-0.135967135429,2.5618379875,3.7452117154400004,-1.14290553842
-4.4244961164,1.436109078,1.46831958127,0.233483657241,-0.0,-0.135967135429,2.5618379875,3.7452117154400004,-1.14290553842
-4.42198402998,1.4602530375,1.4544146271,0.233483657241,-0.0,-0.135967135429,2.5618379875,3.7452117154400004,-1.14290553842
-4.41913674892,1.4843603356400001,1.4405098457799999,0.233483657241,-0.0,-0.153201118112,2.5618379875,3.7452117154400004,-1.14290553842
-4.41595478399,1.50842568542,1.42558689866,0.233483657241,-0.0,-0.153201118112,2.5618379875,3.7452117154400004,-1.14290553842
-4.41242056804,1.5324320172600001,1.40992440275,0.233483657241,-0.0,-0.153201118112,2.5618379875,3.7452117154400004,-1.14290553842
-4.4084924692400005,1.55639526377,1.39425433907,0.233483657241,-0.0,-0.153201118112,2.5618379875,3.7452117154400004,-1.14290553842
-4.4041973066,1.58028617236,1.37858792538,0.240161821246,-0.0,-0.153201118112,2.5618379875,3.7452117154400004,-1.14290553842
-4.3995284795,1.60410650059,1.3629222115700002,0.240161821246,-0.0,-0.153201118112,2.5618379875,3.7452117154400004,-1.14290553842
-4.39455286204,1.6275387302899997,1.34785659409,0.240161821246,-0.0,-0.153201118112,2.5618379875,3.7452117154400004,-1.14290553842
-4.3889964494300004,1.65188185295,1.33219051566,0.240161821246,-0.0,-0.153201118112,2.5618379875,3.7452117154400004,-1.14290553842
-4.3830604841300005,1.67613384997,1.31652427581,0.240161821246,-0.0,-0.153201118112,2.5618379875,3.7452117154400004,-1.14290553842
-4.37673242818,1.7002797751899998,1.30085057167,0.246839985251,-0.0,-0.153201118112,2.5618379875,3.7452117154400004,-1.14290553842
-4.37000056439,1.72449865121,1.28518816019,0.246839985251,-0.0,-0.153201118112,2.5618379875,3.7452117154400004,-1.14290553842
-4.36272102678,1.7491000361099998,1.26951581078,0.246839985251,-0.0,-0.153201118112,2.5618379875,3.7452117154400004,-1.14290553842
-4.35507264818,1.7736049217400003,1.25385356675,0.246839985251,-0.0,-0.153201118112,2.5618379875,3.7452117154400004,-1.14290553842
-4.35507264818,1.7736049217400003,1.25385356675,0.246839985251,-0.0,-0.153201118112,2.5618379875,3.7452117154400004,-1.14290553842
-4.34702559553,1.79796651057,1.23818117649,0.246839985251,-0.0,-0.153201118112,2.5618379875,3.7452117154400004,-1.14290553842
-4.3386164240800005,1.8222200906400001,1.22252047485,0.246839985251,-0.0,-0.153201118112,2.5618379875,3.7452117154400004,-1.14290553842
-4.32981832307,1.8463286272400001,1.20685348744,0.246839985251,-0.0,-0.153201118112,2.5618379875,3.7452117154400004,-1.14290553842
-4.320640675330001,1.87029570009,1.19118512195,0.246839985251,-0.0,-0.153201118112,2.5618379875,3.7452117154400004,-1.14290553842
-4.31108991263,1.8941147470400002,1.17551707686,0.246839985251,-0.0,-0.153201118112,2.5618379875,3.7452117154400004,-1.14290553842
-4.30156008564,1.9168766765099998,1.16045417019,0.246839985251,-0.0,-0.153201118112,2.5618379875,3.7452117154400004,-1.14290553842
-4.29127798564,1.9403915100599998,1.14478444606,0.246839985251,-0.0,-0.153201118112,2.5618379875,3.7452117154400004,-1.14290553842
-4.28063654276,1.9637442291299998,1.12911833141,0.246839985251,-0.0,-0.153201118112,2.5618379875,3.7452117154400004,-1.14290553842
-4.26962996065,1.98692642664,1.1134521364,0.253518164158,-0.0,-0.153201118112,2.5618379875,3.7452117154400004,-1.14290553842
-4.25806178579,2.01031360787,1.09778232048,0.253518164158,-0.0,-0.153201118112,2.5618379875,3.7452117154400004,-1.14290553842
-4.24601393189,2.03375617282,1.0821164618799999,0.253518164158,-0.0,-0.153201118112,2.5618379875,3.7452117154400004,-1.14290553842
-4.233599637749999,2.05700613877,1.0664498335600001,0.253518164158,-0.0,-0.153201118112,2.5618379875,3.7452117154400004,-1.14290553842
-4.22081582215,2.0800575012099998,1.0507801089,0.253518164158,-0.0,-0.153201118112,2.5618379875,3.7452117154400004,-1.14290553842
-4.207679827340001,2.1029081110299996,1.03511437672,0.253518164158,-0.0,-0.153201118112,2.5618379875,3.7452117154400004,-1.14290553842
-4.19418674766,2.12554900889,1.01944757782,0.253518164158,-0.0,-0.153201118112,2.5618379875,3.7452117154400004,-1.14290553842
-4.18033409304,2.1479743666599997,1.00377795765,0.253518164158,-0.0,-0.17043510079399998,2.5618379875,3.7452117154400004,-1.14290553842
-4.16614049537,2.170183755,0.987027578134,0.253518164158,-0.0,-0.17043510079399998,2.5618379875,3.7452117154400004,-1.14290553842
-4.1521329175,2.1913052686000003,0.970266381956,0.253518164158,-0.0,-0.17043510079399998,2.5618379875,3.7452117154400004,-1.14290553842
-4.137197459419999,2.21302251549,0.95283820767,0.253518164158,-0.0,-0.17043510079399998,2.5618379875,3.7452117154400004,-1.14290553842
-4.1218849542000005,2.2344746461200002,0.935409080952,0.253518164158,-0.0,-0.17043510079399998,2.5618379875,3.7452117154400004,-1.14290553842
-4.10619411729,2.2556548517299997,0.917976780481,0.253518164158,-0.0,-0.17043510079399998,2.5618379875,3.7452117154400004,-1.14290553842
-4.09014400432,2.27656179838,0.9005487909409999,0.253518164158,-0.0,-0.17043510079399998,2.5618379875,3.7452117154400004,-1.14290553842
-4.07373108146,2.29718418178,0.883119475335,0.253518164158,-0.0,-0.17043510079399998,2.5618379875,3.7452117154400004,-1.14290553842
-4.05695483487,2.31751545285,0.865687252657,0.253518164158,-0.0,-0.17043510079399998,2.5618379875,3.7452117154400004,-1.14290553842
-4.0398339205500005,2.3375549502400004,0.8482591162469999,0.253518164158,-0.0,-0.17043510079399998,2.5618379875,3.7452117154400004,-1.14290553842
-4.02236538049,2.3572912118700002,0.83082990112,0.253518164158,-0.0,-0.18766908347600003,2.5618379875,3.7452117154400004,-1.14290553842
-4.0045506159099995,2.37671924936,0.8131264703740001,0.253518164158,-0.0,-0.222101151943,2.5618379875,3.7452117154400004,-1.14290553842
-3.9863967353199996,2.39582812348,0.7939358493199999,0.253518164158,-0.0,-0.222101151943,2.5618379875,3.7452117154400004,-1.14290553842
-3.9863967353199996,2.39582812348,0.7939358493199999,0.253518164158,-0.0,-0.222101151943,2.5618379875,3.7452117154400004,-1.14290553842
-3.96858578715,2.41385939176,0.7720939678059999,0.253518164158,-0.0,-0.222101151943,2.5618379875,3.7452117154400004,-1.14290553842
-3.9496561215699995,2.4322002618900003,0.74938235016,0.253518164158,-0.0,-0.157509624958,2.5618379875,3.7452117154400004,-1.14290553842
-3.93030852172,2.45009761253,0.730734340722,0.253518164158,-0.0,-0.0,2.5618379875,3.7452117154400004,-1.14290553842
-3.91062844301,2.4676290285299998,0.722060388776,0.26910054683699997,-0.0,-0.0,2.5618379875,3.7452117154400004,-1.14290553842
-3.8904667582599997,2.48536767473,0.722052627754,0.324734002352,-0.0,-0.0,2.5618379875,3.7452117154400004,-1.14290553842
-3.8688151105,2.50445467397,0.722058291418,0.33809033036200004,-0.0,-0.0,2.5618379875,3.7452117154400004,-1.14290553842
-3.8434908610000003,2.52677623468,0.722063950796,0.33809033036200004,-0.0,-0.0,2.5618379875,3.7452117154400004,-1.14290553842
-3.8171027946800007,2.5499936635900005,0.722054383049,0.33809033036200004,-0.0,-0.0,2.5618379875,3.7452117154400004,-1.14290553842
-3.79072975187,2.5732254807,0.7220549111169999,0.33809033036200004,-0.0,-0.0,2.5618379875,3.7452117154400004,-1.14290553842
-3.7643441569199996,2.59644537736,0.722046651591,0.33809033036200004,-0.0,-0.0,2.5618379875,3.7452117154400004,-1.14290553842
-3.7379779261300006,2.6196843076599996,0.722052230406,0.33809033036200004,-0.0,-0.0,2.5618379875,3.7452117154400004,-1.14290553842
-3.71161155231,2.64292339996,0.7220577561020001,0.33809033036200004,-0.0,-0.0,2.5618379875,3.7452117154400004,-1.14290553842
-3.6862500654800003,2.66525930107,0.722056704196,0.33809033036200004,-0.0,-0.23933513462499997,2.5618379875,3.7452117154400004,-1.14290553842
-3.6598618308599997,2.6884765391100003,0.722047037262,0.33809033036200004,-0.00200973358005,-0.45896068215400004,2.5618379875,3.7452117154400004,-1.14290553842
-3.6333678312999997,2.7115759749,0.6975729663079999,0.33809033036200004,-0.00200973358005,-0.45896068215400004,2.5618379875,3.7452117154400004,-1.14290553842
-3.60614848314,2.7338119061299997,0.654093546455,0.33809033036200004,-0.00200973358005,-0.45896068215400004,2.5618379875,3.7452117154400004,-1.14290553842
-3.57792310455,2.75475673217,0.607157736795,0.33809033036200004,-0.00200973358005,-0.316852152348,2.5618379875,3.7452117154400004,-1.14290553842
-3.54873411258,2.77434041512,0.5674845903769999,0.33809033036200004,-0.00200973358005,-0.17043510079399998,2.5618379875,3.7452117154400004,-1.14290553842
-3.5188493774,2.7928394156299996,0.540265845144,0.33809033036200004,-0.00200973358005,-0.08860959112639999,2.5618379875,3.7452117154400004,-1.14290553842
-3.4885316508899997,2.81062339133,0.5244467926640001,0.33809033036200004,-0.00200973358005,-0.00247558974661,2.5618379875,3.7452117154400004,-1.14290553842
-3.4579594129199998,2.82797433432,0.515376855398,0.33809033036200004,-0.00200973358005,-0.00247558974661,2.5618379875,3.7452117154400004,-1.14290553842
-3.42727684889,2.84511341549,0.515119463355,0.33809033036200004,-0.00200973358005,-0.00247558974661,2.5618379875,3.7452117154400004,-1.14290553842
-3.39658911887,2.8622435401099997,0.514860458926,0.33809033036200004,-0.00200973358005,-0.00247558974661,2.5618379875,3.7452117154400004,-1.14290553842
-3.36589695747,2.87936572308,0.514601727204,0.33809033036200004,-0.00200973358005,-0.00247558974661,2.5618379875,3.7452117154400004,-1.14290553842
-3.3363908505799995,2.89583130902,0.51435903611,0.33809033036200004,-0.00200973358005,-0.00247558974661,2.5618379875,3.7452117154400004,-1.14290553842
-3.30569000325,2.9129379128500004,0.51410029516,0.33809033036200004,-0.00200973358005,-0.00247558974661,2.5618379875,3.7452117154400004,-1.14290553842
-3.2749847311799996,2.93003657341,0.51384162458,0.33809033036200004,-0.00200973358005,-0.00247558974661,2.5618379875,3.7452117154400004,-1.14290553842
-3.2454464966799996,2.94646066343,0.513586715867,0.33809033036200004,-0.00200973358005,-0.00247558974661,2.5618379875,3.7452117154400004,-1.14290553842
-3.2454464966799996,2.94646066343,0.513586715867,0.33809033036200004,-0.00200973358005,-0.00247558974661,2.5618379875,3.7452117154400004,-1.14290553842
-3.2147325515099996,2.96354374015,0.513327783695,0.33809033036200004,-0.00200973358005,-0.00247558974661,2.5618379875,3.7452117154400004,-1.14290553842
-3.1840141870700003,2.98061886833,0.513069046408,0.33809033036200004,-0.00200973358005,-0.00247558974661,2.5618379875,3.7452117154400004,-1.14290553842
-3.1532914059400006,2.99768604866,0.512810345591,0.33809033036200004,-0.00200973358005,-0.0713756158948,2.5618379875,3.7452117154400004,-1.14290553842
-3.1225659834,3.01474909088,0.50902842092,0.33809033036200004,-0.00200973358005,-0.123077556491,2.5618379875,3.7452117154400004,-1.14290553842
-3.0917609884900004,3.03166265359,0.499900623943,0.33809033036200004,-0.00200973358005,-0.123077556491,2.5618379875,3.7452117154400004,-1.14290553842
-3.06077195009,3.04824816147,0.487314316874,0.33809033036200004,-0.00200973358005,-0.123077556491,2.5618379875,3.7452117154400004,-1.14290553842
-3.02956392527,3.06442960193,0.47471962103500004,0.33809033036200004,-0.00200973358005,-0.123077556491,2.5618379875,3.7452117154400004,-1.14290553842
-2.99817649881,3.08023860399,0.462139444177,0.33809033036200004,-0.00200973358005,-0.123077556491,2.5618379875,3.7452117154400004,-1.14290553842
-2.96658150907,3.09564043093,0.449552217353,0.33809033036200004,-0.00200973358005,-0.123077556491,2.5618379875,3.7452117154400004,-1.14290553842
-2.93479394128,3.1106414638700004,0.436963738427,0.33809033036200004,-0.00200973358005,-0.123077556491,2.5618379875,3.7452117154400004,-1.14290553842
-2.90282295481,3.12524504038,0.42437755353100004,0.33809033036200004,-0.00200973358005,-0.140275642276,2.5618379875,3.7452117154400004,-1.14290553842
-2.8719102484500003,3.13890689633,0.411733255228,0.33809033036200004,-0.00200973358005,-0.140275642276,2.5618379875,3.7452117154400004,-1.14290553842
-2.83956356929,3.15267449639,0.397380068232,0.33809033036200004,-0.00200973358005,-0.140275642276,2.5618379875,3.7452117154400004,-1.14290553842
-2.8070447359099995,3.16599855675,0.38304097805299997,0.33809033036200004,-0.00200973358005,-0.140275642276,2.5618379875,3.7452117154400004,-1.14290553842
-2.7743270298500002,3.17884376648,0.36869506631300003,0.33809033036200004,-0.00200973358005,-0.140275642276,2.5618379875,3.7452117154400004,-1.14290553842
-2.7414272509299997,3.19121591272,0.354347638008,0.33809033036200004,-0.00200973358005,-0.10584357380899999,2.5618379875,3.7452117154400004,-1.14290553842
-2.7083573508499996,3.20312176222,0.34243867480499995,0.33809033036200004,-0.00200973358005,-0.0670671164989,2.5618379875,3.7452117154400004,-1.14290553842
-2.67516542283,3.2146421613599996,0.333745955209,0.33809033036200004,-0.00200973358005,-0.0541775338352,2.5618379875,3.7452117154400004,-1.14290553842
-2.6418620182700003,3.2259195815,0.327344862369,0.33809033036200004,-0.00200973358005,-0.0541775338352,2.5618379875,3.7452117154400004,-1.14290553842
-2.60850101768,3.2369843295700003,0.321802525868,0.33809033036200004,-0.00200973358005,-0.0541775338352,2.5618379875,3.7452117154400004,-1.14290553842
-2.57507933305,3.24786387804,0.31626020853,0.33809033036200004,-0.00200973358005,-0.0541775338352,2.5618379875,3.7452117154400004,-1.14290553842
-2.54159768907,3.2585581314,0.31071813868799997,0.33809033036200004,-0.00200973358005,-0.0541775338352,2.5618379875,3.7452117154400004,-1.14290553842
-2.50804712816,3.26905678205,0.30516961628899997,0.33809033036200004,-0.00200973358005,-0.0541775338352,2.5618379875,3.7452117154400004,-1.14290553842
-2.47575256826,3.2789955089099996,0.299846599379,0.33809033036200004,-0.00200973358005,-0.0541775338352,2.5618379875,3.7452117154400004,-1.14290553842
-2.44209991185,3.2891387932300002,0.294304350454,0.33809033036200004,-0.00200973358005,-0.0,2.5618379875,3.7452117154400004,-1.14290553842
-2.4083896404900003,3.29908756315,0.290679886999,0.33809033036200004,-0.00200973358005,-0.0,2.5618379875,3.7452117154400004,-1.14290553842
-2.37466871978,3.30895024298,0.290675337668,0.33809033036200004,-0.00200973358005,-0.0,2.5618379875,3.7452117154400004,-1.14290553842
-2.34092793092,3.3188326919,0.290677494378,0.33809033036200004,-0.00200973358005,-0.0,2.5618379875,3.7452117154400004,-1.14290553842
-2.34092793092,3.3188326919,0.290677494378,0.33809033036200004,-0.00200973358005,-0.0,2.5618379875,3.7452117154400004,-1.14290553842
-2.30719680605,3.3287052089999998,0.290675949628,0.33809033036200004,-0.00200973358005,-0.0,2.5618379875,3.7452117154400004,-1.14290553842
-2.27347584577,3.3385677555,0.29067141371800004,0.33809033036200004,-0.00200973358005,-0.0,2.5618379875,3.7452117154400004,-1.14290553842
-2.23973501809,3.34845007227,0.290673579495,0.33809033036200004,-0.00200973358005,-0.0,2.5618379875,3.7452117154400004,-1.14290553842
-2.20600385409,3.3583224577599995,0.290672053591,0.33809033036200004,-0.00200973358005,-0.0,2.5618379875,3.7452117154400004,-1.14290553842
-2.1722828543599997,3.36818487245,0.29066748571999995,0.33809033036200004,-0.00200973358005,-0.0,2.5618379875,3.7452117154400004,-1.14290553842
-2.13854198749,3.37806705759,0.29066963876400004,0.33809033036200004,-0.00200973358005,-0.0,2.5618379875,3.7452117154400004,-1.14290553842
-2.1048107847999997,3.38793931064,0.29066813713899997,0.33809033036200004,-0.00200973358005,-0.0,2.5618379875,3.7452117154400004,-1.14290553842
-2.07237731652,3.39743175435,0.290666986963,0.33809033036200004,-0.00200973358005,-0.0,2.5618379875,3.7452117154400004,-1.14290553842
-2.0386441927,3.40730571809,0.29066627402600004,0.33809033036200004,-0.00200973358005,-0.0,2.5618379875,3.7452117154400004,-1.14290553842
-2.00490551686,3.4171667222,0.290658837015,0.33809033036200004,-0.00200973358005,-0.0110925808549,2.5618379875,3.7452117154400004,-1.14290553842
-1.9711747063299998,3.4270390068700003,0.290045518552,0.33809033036200004,-0.00200973358005,-0.0455605424941,2.5618379875,3.7452117154400004,-1.14290553842
-1.93743716526,3.4368862925099997,0.287550274535,0.33809033036200004,-0.00200973358005,-0.0627945289016,2.5618379875,3.7452117154400004,-1.14290553842
-1.90366767635,3.44662268936,0.282479283379,0.33809033036200004,-0.00200973358005,-0.0799926072359,2.5618379875,3.7452117154400004,-1.14290553842
-1.86984544903,3.4561740726,0.275917416962,0.33809033036200004,-0.00200973358005,-0.0799926072359,2.5618379875,3.7452117154400004,-1.14290553842
-1.83595779074,3.46548995575,0.267732197731,0.33809033036200004,-0.00200973358005,-0.0799926072359,2.5618379875,3.7452117154400004,-1.14290553842
-1.8019950141900003,3.4745281535800006,0.259546756879,0.33809033036200004,-0.00200973358005,-0.0799926072359,2.5618379875,3.7452117154400004,-1.14290553842
-1.76795939793,3.48328805939,0.251361729179,0.33809033036200004,-0.00200973358005,-0.0799926072359,2.5618379875,3.7452117154400004,-1.14290553842
-1.73517671375,3.49145817416,0.243497263775,0.33809033036200004,-0.00200973358005,-0.0799926072359,2.5618379875,3.7452117154400004,-1.14290553842
-1.70100484053,3.49967051385,0.235312150056,0.33809033036200004,-0.00200973358005,-0.0799926072359,2.5618379875,3.7452117154400004,-1.14290553842
-1.6667668949,3.50760288231,0.227127049848,0.33809033036200004,-0.00200973358005,-0.0799926072359,2.5618379875,3.7452117154400004,-1.14290553842
-1.63246517104,3.5152547491199995,0.218941955618,0.33809033036200004,-0.00200973358005,-0.09722658246760002,2.5618379875,3.7452117154400004,-1.14290553842
-1.59810196615,3.52262560297,0.21075689356199998,0.33809033036200004,-0.00200973358005,-0.09722658246760002,2.5618379875,3.7452117154400004,-1.14290553842
-1.5636650409200001,3.52969722206,0.201009485818,0.33809033036200004,-0.00200973358005,-0.09722658246760002,2.5618379875,3.7452117154400004,-1.14290553842
-1.5291698480899998,3.5364389408800005,0.191065552239,0.33809033036200004,-0.00200973358005,-0.11446056515000001,2.5618379875,3.7452117154400004,-1.14290553842
-1.4946198003400002,3.5428477090499997,0.18011307358399997,0.33809033036200004,-0.00200973358005,-0.11446056515000001,2.5618379875,3.7452117154400004,-1.14290553842
-1.45998059286,3.5488627723699997,0.168412477541,0.33809033036200004,-0.00200973358005,-0.11446056515000001,2.5618379875,3.7452117154400004,-1.14290553842
-1.45998059286,3.5488627723699997,0.168412477541,0.33809033036200004,-0.00200973358005,-0.11446056515000001,2.5618379875,3.7452117154400004,-1.14290553842
-1.42529486435,3.5544507445199995,0.156703236154,0.33809033036200004,-0.00200973358005,-0.11446056515000001,2.5618379875,3.7452117154400004,-1.14290553842
-1.39052868869,3.55964967936,0.14500134112,0.33809033036200004,-0.00200973358005,-0.11446056515000001,2.5618379875,3.7452117154400004,-1.14290553842
-1.3556979817700001,3.5644265745499997,0.133291503915,0.33809033036200004,-0.00200973358005,-0.11446056515000001,2.5618379875,3.7452117154400004,-1.14290553842
-1.32216638952,3.5686450706699997,0.12203786772299999,0.33809033036200004,-0.00200973358005,-0.11446056515000001,2.5618379875,3.7452117154400004,-1.14290553842
-1.28725598991,3.57264201148,0.110339607919,0.33809033036200004,-0.00200973358005,-0.11446056515000001,2.5618379875,3.7452117154400004,-1.14290553842
-1.2522823335200002,3.5762280610300006,0.09863949365010001,0.33809033036200004,-0.00200973358005,-0.11446056515000001,2.5618379875,3.7452117154400004,-1.14290553842
-1.2172906075399998,3.5793832798400005,0.08692982627800001,0.33809033036200004,-0.00200973358005,-0.11446056515000001,2.5618379875,3.7452117154400004,-1.14290553842
-1.18224678845,3.5821462022300006,0.0752282616131,0.33809033036200004,-0.00200973358005,-0.11446056515000001,2.5618379875,3.7452117154400004,-1.14290553842
-1.14716715042,3.5844839902699994,0.0635189503692,0.33809033036200004,-0.00200973358005,-0.303926646709,2.5618379875,3.7452117154400004,-1.14290553842
-1.1120832951100001,3.58643165926,0.0518205418504,0.33809033036200004,-0.00200973358005,-0.303926646709,2.5618379875,3.7452117154400004,-1.14290553842
-1.0769625089700001,3.58784494422,0.022226921334,0.33809033036200004,-0.00200973358005,-0.321160644293,2.5618379875,3.7452117154400004,-1.14290553842
-1.04182115904,3.5881843478400004,-0.0102105792169,0.33809033036200004,-0.00200973358005,-0.321160644293,2.5618379875,3.7452117154400004,-1.14290553842
-1.00666862287,3.58737399564,-0.0430555138968,0.33809033036200004,-0.00200973358005,-0.321160644293,2.5618379875,3.7452117154400004,-1.14290553842
-0.9715853286789999,3.58541769957,-0.0758972227486,0.33809033036200004,-0.00200973358005,-0.27376717329,2.5618379875,3.7452117154400004,-1.14290553842
-0.936564954252,3.58229408524,-0.10743816754300001,0.33809033036200004,-0.00200973358005,-0.17043510079399998,2.5618379875,3.7452117154400004,-1.14290553842
-0.903017693496,3.57829722138,-0.133540981911,0.33809033036200004,-0.00200973358005,-0.144584134221,2.5618379875,3.7452117154400004,-1.14290553842
-0.8682292852600001,3.57328464917,-0.150968851591,0.33809033036200004,-0.00200973358005,-0.144584134221,2.5618379875,3.7452117154400004,-1.14290553842
-0.833530858519,3.5676808394300004,-0.165956758107,0.33809033036200004,-0.00200973358005,-0.10584357380899999,2.5618379875,3.7452117154400004,-1.14290553842
-0.7989181208830001,3.5615720798900004,-0.17769449245299998,0.33809033036200004,-0.00200973358005,-0.0799926072359,2.5618379875,3.7452117154400004,-1.14290553842
-0.764374632593,3.5550768515499995,-0.186891521201,0.33809033036200004,-0.00200973358005,-0.0110925808549,2.5618379875,3.7452117154400004,-1.14290553842
-0.729890777148,3.5482739739399998,-0.192091310954,0.33809033036200004,-0.00200973358005,-0.0,2.5618379875,3.7452117154400004,-1.14290553842
-0.695440426692,3.5413389994099997,-0.192926132696,0.33809033036200004,-0.00200973358005,-0.0,2.5618379875,3.7452117154400004,-1.14290553842
-0.660977327721,3.5344054611,-0.19292157347199998,0.33809033036200004,-0.00200973358005,-0.0,2.5618379875,3.7452117154400004,-1.14290553842
-0.626523811554,3.5274619734500003,-0.192923102412,0.33809033036200004,-0.00200973358005,-0.0,2.5618379875,3.7452117154400004,-1.14290553842
-0.5920804026650001,3.52050870761,-0.19293009419399998,0.33809033036200004,-0.00200973358005,-0.0,2.5618379875,3.7452117154400004,-1.14290553842
-0.557617326045,3.5135750301999997,-0.19292555261100003,0.33809033036200004,-0.00200973358005,-0.0,2.5618379875,3.7452117154400004,-1.14290553842
-0.523163837607,3.50663140514,-0.192927097229,0.33809033036200004,-0.00200973358005,-0.0,2.5618379875,3.7452117154400004,-1.14290553842
-0.490035893188,3.499954923,-0.192928249478,0.33809033036200004,-0.00200973358005,-0.0,2.5618379875,3.7452117154400004,-1.14290553842
-0.490035893188,3.499954923,-0.192928249478,0.33809033036200004,-0.00200973358005,-0.0,2.5618379875,3.7452117154400004,-1.14290553842
-0.455580212303,3.49301320885,-0.19292840127099997,0.33809033036200004,-0.00200973358005,-0.0,2.5618379875,3.7452117154400004,-1.14290553842
-0.421119845597,3.48605832981,-0.19293434239,0.33809033036200004,-0.00200973358005,-0.0,2.5618379875,3.7452117154400004,-1.14290553842
-0.38667602939,3.47912381042,-0.192932345633,0.33809033036200004,-0.00200973358005,-0.0,2.5618379875,3.7452117154400004,-1.14290553842
-0.352220376367,3.47218195881,-0.19293247806400002,0.33809033036200004,-0.00200973358005,0.126201212406,2.5618379875,3.7452117154400004,-1.14290553842
-0.317750536443,3.46526739651,-0.18251473080299999,0.33809033036200004,-0.00200973358005,0.126201212406,2.5618379875,3.7452117154400004,-1.14290553842
-0.283223882347,3.4587748748800005,-0.16961303633400002,0.33809033036200004,-0.00200973358005,0.126201212406,2.5618379875,3.7452117154400004,-1.14290553842
-0.24858220536800002,3.45272920269,-0.15670784622300002,0.33809033036200004,-0.00200973358005,0.13912670314300002,2.5618379875,3.7452117154400004,-1.14290553842
-0.213899688111,3.4471283258099996,-0.143399133575,0.33809033036200004,-0.010913957841700002,0.15205219388,2.5618379875,3.7452117154400004,-1.14290553842
-0.179128978266,3.44185921019,-0.12896905843599998,0.33809033036200004,-0.010913957841700002,0.164977669716,2.5618379875,3.7452117154400004,-1.14290553842
-0.144413487728,3.43632504069,-0.113423200294,0.33809033036200004,-0.010913957841700002,0.164977669716,2.5618379875,3.7452117154400004,-1.14290553842
-0.109581155647,3.43134183457,-0.0965529708278,0.33809033036200004,-0.010913957841700002,0.164977669716,2.5618379875,3.7452117154400004,-1.14290553842
-0.07603784167510001,3.42711234977,-0.08032936682019999,0.33809033036200004,-0.010913957841700002,0.0357946194708,2.5618379875,3.7452117154400004,-1.14290553842
-0.0410692283604,3.42326994056,-0.0715935811596,0.33809033036200004,-0.010913957841700002,0.018560638651299997,2.5618379875,3.7452117154400004,-1.14290553842
-0.00610736872248,3.4196516479400003,-0.0687491777788,0.33809033036200004,-0.010913957841700002,0.018560638651299997,2.5618379875,3.7452117154400004,-1.14290553842
0.028890660411400003,3.4161288658899998,-0.06684689394519999,0.33809033036200004,-0.010913957841700002,0.018560638651299997,2.5618379875,3.7452117154400004,-1.14290553842
0.0638857861429,3.41266280119,-0.0649498980202,0.33809033036200004,-0.010913957841700002,0.018560638651299997,2.5618379875,3.7452117154400004,-1.14290553842
0.0988873023282,3.4092630589599997,-0.06305317856319999,0.33809033036200004,-0.010913957841700002,0.13912670314300002,2.5618379875,3.7452117154400004,-1.14290553842
0.133885204463,3.40592011608,-0.061161330429100005,0.33809033036200004,-0.010913957841700002,0.13912670314300002,2.5618379875,3.7452117154400004,-1.14290553842
0.16891684799400003,3.40271053832,-0.048827381595599996,0.33809033036200004,-0.010913957841700002,0.13912670314300002,2.5618379875,3.7452117154400004,-1.14290553842
0.20397940238099999,3.39996526771,-0.034601757084,0.33809033036200004,-0.010913957841700002,0.13912670314300002,2.5618379875,3.7452117154400004,-1.14290553842
0.23907747603,3.3977190074299997,-0.0203764446154,0.33809033036200004,-0.010913957841700002,0.238186195493,2.5618379875,3.7452117154400004,-1.14290553842
0.274195704805,3.3959497459900003,-0.0026477986751100003,0.33809033036200004,-0.010913957841700002,0.238186195493,2.5618379875,3.7452117154400004,-1.14290553842
0.309358168509,3.39490836523,0.021713291614,0.33809033036200004,-0.010913957841700002,0.0616096891463,2.5618379875,3.7452117154400004,-1.14290553842
0.343167336947,3.3946990716100003,0.0451296151301,0.33809033036200004,-0.010913957841700002,0.0444116108119,2.5618379875,3.7452117154400004,-1.14290553842
0.378348177289,3.3951967715299998,0.051427691325199996,0.33809033036200004,-0.010913957841700002,0.0444116108119,2.5618379875,3.7452117154400004,-1.14290553842
0.413489634296,3.39591023764,0.0563054603104,0.33809033036200004,-0.010913957841700002,0.027177629992400004,2.5618379875,3.7452117154400004,-1.14290553842
0.448655771931,3.3967968365499996,0.0596974525361,0.33809033036200004,-0.010913957841700002,0.027177629992400004,2.5618379875,3.7452117154400004,-1.14290553842
0.48380920470600003,3.39778155175,0.06247517060869999,0.33809033036200004,-0.010913957841700002,0.027177629992400004,2.5618379875,3.7452117154400004,-1.14290553842
0.48380920470600003,3.39778155175,0.06247517060869999,0.33809033036200004,-0.010913957841700002,0.027177629992400004,2.5618379875,3.7452117154400004,-1.14290553842
0.518961152706,3.3988644414399998,0.0652532581948,0.33809033036200004,-0.010913957841700002,0.027177629992400004,2.5618379875,3.7452117154400004,-1.14290553842
0.554110004512,3.4000440070099995,0.0680308294155,0.33809033036200004,-0.010913957841700002,0.027177629992400004,2.5618379875,3.7452117154400004,-1.14290553842
0.589264080323,3.40131257799,0.0708035578955,0.33809033036200004,-0.010913957841700002,0.009943648241459999,2.5618379875,3.7452117154400004,-1.14290553842
0.624396085598,3.4026968394800003,0.0735859775004,0.33809033036200004,-0.010913957841700002,0.009943648241459999,2.5618379875,3.7452117154400004,-1.14290553842
0.6595324029730001,3.4041646594,0.0748735360405,0.33809033036200004,-0.010913957841700002,0.009943648241459999,2.5618379875,3.7452117154400004,-1.14290553842
0.6946713755239999,3.40565850689,0.0758834182452,0.33809033036200004,-0.010913957841700002,0.009943648241459999,2.5618379875,3.7452117154400004,-1.14290553842
0.7297921510590001,3.4072083551,0.0769034745197,0.33809033036200004,-0.010913957841700002,0.009943648241459999,2.5618379875,3.7452117154400004,-1.14290553842
0.7635600868119999,3.40871361295,0.0778754565632,0.33809033036200004,-0.010913957841700002,0.009943648241459999,2.5618379875,3.7452117154400004,-1.14290553842
0.798696953647,3.41033406597,0.0788956135417,0.33809033036200004,-0.010913957841700002,0.009943648241459999,2.5618379875,3.7452117154400004,-1.14290553842
0.83382260068,3.41198035667,0.07991086634530001,0.33809033036200004,-0.010913957841700002,0.009943648241459999,2.5618379875,3.7452117154400004,-1.14290553842
0.868936469241,3.4136525479400004,0.0809218991264,0.33809033036200004,-0.010913957841700002,0.009943648241459999,2.5618379875,3.7452117154400004,-1.14290553842
0.904068267621,3.41538000612,0.0819420455285,0.33809033036200004,-0.010913957841700002,0.009943648241459999,2.5618379875,3.7452117154400004,-1.14290553842
0.9391887363879999,3.41713329694,0.0829572827841,0.33809033036200004,-0.010913957841700002,0.009943648241459999,2.5618379875,3.7452117154400004,-1.14290553842
0.9742973177590001,3.4189124809500004,0.0839684239242,0.33809033036200004,-0.010913957841700002,0.009943648241459999,2.5618379875,3.7452117154400004,-1.14290553842
1.0094237204899998,3.4207469287700003,0.08498846805929999,0.33809033036200004,-0.010913957841700002,0.009943648241459999,2.5618379875,3.7452117154400004,-1.14290553842
1.04453868476,3.42260720328,0.08600371055950001,0.33809033036200004,-0.010913957841700002,0.009943648241459999,2.5618379875,3.7452117154400004,-1.14290553842
1.0796416518799998,3.4244933638700004,0.0870148212004,0.33809033036200004,-0.010913957841700002,0.009943648241459999,2.5618379875,3.7452117154400004,-1.14290553842
1.11341420231,3.4263617793700005,0.0879967481267,0.33809033036200004,-0.010913957841700002,0.009943648241459999,2.5618379875,3.7452117154400004,-1.14290553842
1.14853041516,3.4283165274900003,0.0890064337088,0.28023082017900003,-0.010913957841700002,0.009943648241459999,2.5618379875,3.7452117154400004,-1.14290553842
1.17948067692,3.4299544273900002,0.09002683417610001,0.28023082017900003,-0.010913957841700002,0.009943648241459999,2.5618379875,3.7452117154400004,-1.14290553842
1.2085978761299998,3.43144992059,0.0910435341368,0.28023082017900003,-0.010913957841700002,0.009943648241459999,2.5618379875,3.7452117154400004,-1.14290553842
1.23771847418,3.43296187848,0.09205336737130002,0.28023082017900003,-0.010913957841700002,0.009943648241459999,2.5618379875,3.7452117154400004,-1.14290553842
1.26682087227,3.4345237365099996,0.09307398852280001,0.28023082017900003,-0.010913957841700002,0.009943648241459999,2.5618379875,3.7452117154400004,-1.14290553842
1.29593338298,3.4361079395300003,0.0940905246355,0.28023082017900003,-0.010913957841700002,0.009943648241459999,2.5618379875,3.7452117154400004,-1.14290553842
1.32504920884,3.4377086015,0.09510060251560001,0.28023082017900003,-0.010913957841700002,0.009943648241459999,2.5618379875,3.7452117154400004,-1.14290553842
1.3541467397799998,3.4393591603099996,0.09612118561460001,0.28023082017900003,-0.010913957841700002,0.009943648241459999,2.5618379875,3.7452117154400004,-1.14290553842
1.3541467397799998,3.4393591603099996,0.09612118561460001,0.26019632816300003,-0.010913957841700002,0.009943648241459999,2.5618379875,3.7452117154400004,-1.14290553842
1.3832542916400001,3.44103205725,0.0971377359007,0.26019632816300003,-0.010913957841700002,0.009943648241459999,2.5618379875,3.7452117154400004,-1.14290553842
1.4111692911700002,3.4426040427599998,0.0981475876403,0.24906603991999998,-0.010913957841700002,0.009943648241459999,2.5618379875,3.7452117154400004,-1.14290553842
1.43774636412,3.4440942325300004,0.09916823560360001,0.240161821246,-0.010913957841700002,0.009943648241459999,2.5618379875,3.7452117154400004,-1.14290553842
1.4624407923299998,3.4454481952900005,0.10014081537599999,0.240161821246,-0.010913957841700002,0.009943648241459999,2.5618379875,3.7452117154400004,-1.14290553842
1.4874046849200002,3.4468276006400003,0.101161089933,0.240161821246,-0.010913957841700002,0.0228691343218,2.5618379875,3.7452117154400004,-1.14290553842
1.5123575427899998,3.44822251829,0.102176811321,0.240161821246,-0.010913957841700002,0.0228691343218,2.5618379875,3.7452117154400004,-1.14290553842
1.5373101449000002,3.4496440609300008,0.10436231531199999,0.240161821246,-0.010913957841700002,0.0228691343218,2.5618379875,3.7452117154400004,-1.14290553842
1.5622700347299998,3.45111318565,0.10669505084799999,0.240161821246,-0.010913957841700002,0.0228691343218,2.5618379875,3.7452117154400004,-1.14290553842
1.58720832337,3.4526587818300003,0.10903753137,0.231275543571,-0.010913957841700002,0.113311633468,2.5618379875,3.7452117154400004,-1.14290553842
1.61180161309,3.45419519964,0.11493247146400001,0.20456287264800002,-0.010913957841700002,0.126201212406,2.5618379875,3.7452117154400004,-1.14290553842
1.63518429407,3.45576654745,0.126822965659,0.16671992838400002,-0.0,0.13912670314300002,2.5618379875,3.7452117154400004,-1.14290553842
1.6561174249500001,3.45738347866,0.139829480241,0.16671992838400002,-0.0,0.13912670314300002,2.5618379875,3.7452117154400004,-1.14290553842
1.67328298653,3.45978139551,0.154056174009,0.16671992838400002,-0.0,0.13912670314300002,2.5618379875,3.7452117154400004,-1.14290553842
1.6904126846599998,3.46242331078,0.168283113622,0.16671992838400002,-0.0,0.13912670314300002,2.5618379875,3.7452117154400004,-1.14290553842
1.70750308118,3.4653086172900003,0.182509862803,0.16671992838400002,-0.0,0.13912670314300002,2.5618379875,3.7452117154400004,-1.14290553842
1.7238868358300001,3.46830300237,0.196186120553,0.16671992838400002,-0.0,0.0401031151414,2.5618379875,3.7452117154400004,-1.14290553842
1.7408930707900003,3.47169898504,0.206522114158,0.16671992838400002,-0.0,0.0228691343218,2.5618379875,3.7452117154400004,-1.14290553842
1.75785885272,3.4752505422400004,0.210215466184,0.16671992838400002,-0.0,0.0228691343218,2.5618379875,3.7452117154400004,-1.14290553842
1.7748198774400001,3.4788553150699997,0.21254797285100002,0.16671992838400002,-0.0,0.0228691343218,2.5618379875,3.7452117154400004,-1.14290553842
1.7917539675,3.4825179452399997,0.214891189003,0.16671992838400002,-0.0,0.0228691343218,2.5618379875,3.7452117154400004,-1.14290553842
1.8086877288699998,3.48621107815,0.21722916267499998,0.16671992838400002,-0.0,0.0228691343218,2.5618379875,3.7452117154400004,-1.14290553842
1.8256139384299999,3.4899442706,0.21956751496500002,0.16671992838400002,-0.0,0.0228691343218,2.5618379875,3.7452117154400004,-1.14290553842
1.8425320191099999,3.49371617737,0.221905221523,0.16671992838400002,-0.0,0.0228691343218,2.5618379875,3.7452117154400004,-1.14290553842
1.8594496439200001,3.49751885774,0.22423769749000003,0.16671992838400002,-0.0,0.0228691343218,2.5618379875,3.7452117154400004,-1.14290553842
1.87633986525,3.50137929977,0.22658099816399999,0.188980489969,-0.0,0.00563515303656,2.5618379875,3.7452117154400004,-1.14290553842
1.89348972444,3.5053324207,0.228715550825,0.188980489969,-0.0,0.00563515303656,2.5618379875,3.7452117154400004,-1.14290553842
1.91262521458,3.5097882176599997,0.229291840055,0.188980489969,-0.0,0.00563515303656,2.5618379875,3.7452117154400004,-1.14290553842
1.9310183756700001,3.51407940623,0.229844611923,0.188980489969,-0.0,0.00563515303656,2.5618379875,3.7452117154400004,-1.14290553842
1.9310183756700001,3.51407940623,0.229844611923,0.195658653975,-0.0,-0.0,2.5618379875,3.7452117154400004,-1.14290553842
1.95014692288,3.51855493445,0.23042001075,0.195658653975,-0.0,-0.0,2.5618379875,3.7452117154400004,-1.14290553842
1.9696523877599998,3.5231245479199997,0.230659519362,0.195658653975,-0.0,-0.0,2.5618379875,3.7452117154400004,-1.14290553842
1.9894628274900001,3.52778443765,0.230662439817,0.195658653975,-0.0,-0.0,2.5618379875,3.7452117154400004,-1.14290553842
2.0092635207900003,3.53243440602,0.230661547544,0.195658653975,-0.0,-0.0,2.5618379875,3.7452117154400004,-1.14290553842
2.0290541380700002,3.5370744774300005,0.23065721778,0.195658653975,-0.0,-0.0,2.5618379875,3.7452117154400004,-1.14290553842
2.04886458863,3.5417343219699995,0.230660159352,0.195658653975,-0.0,-0.0,2.5618379875,3.7452117154400004,-1.14290553842
2.06866529231,3.5463842453800005,0.230659263024,0.195658653975,-0.0,-0.0,2.5618379875,3.7452117154400004,-1.14290553842
2.08845592069,3.55102427154,0.23065498261300002,0.195658653975,-0.0,-0.0,2.5618379875,3.7452117154400004,-1.14290553842
2.10826638148,3.55568407125,0.230657873083,0.195658653975,-0.0,-0.0,2.5618379875,3.7452117154400004,-1.14290553842
2.12806709587,3.5603339496,0.230656980458,0.195658653975,-0.0,-0.0,2.5618379875,3.7452117154400004,-1.14290553842
2.14785773482,3.56497393061,0.23065270266100002,0.195658653975,0.0016147881979100003,-0.0,2.5618379875,3.7452117154400004,-1.14290553842
2.16690415523,3.56947547172,0.23065632925700003,0.195658653975,0.0016147881979100003,-0.0,2.5618379875,3.7452117154400004,-1.14290553842
2.1866739608900003,3.57427761945,0.230649470389,0.195658653975,0.0016147881979100003,-0.0,2.5618379875,3.7452117154400004,-1.14290553842
2.20642667741,3.57910017625,0.230654087425,0.186754435301,0.0016147881979100003,-0.0,2.5618379875,3.7452117154400004,-1.14290553842
2.2254977182199998,3.5837524252499997,0.230654024641,0.186754435301,0.0016147881979100003,-0.0,2.5618379875,3.7452117154400004,-1.14290553842
2.24436643103,3.5883429201999997,0.23064729671700002,0.17785020172600002,0.0016147881979100003,-0.0,2.5618379875,3.7452117154400004,-1.14290553842
2.26280216452,3.5928561645999997,0.230651927621,0.16894598305199998,-0.0,-0.0,2.5618379875,3.7452117154400004,-1.14290553842
2.28049868868,3.5971325382,0.230651919135,0.16005970537699998,-0.0,-0.0,2.5618379875,3.7452117154400004,-1.14290553842
2.29746521697,3.6011038740699997,0.230645276453,0.16005970537699998,-0.0,-0.0,2.5618379875,3.7452117154400004,-1.14290553842
2.31365374814,3.60491694693,0.23065007156,0.16005970537699998,-0.0,-0.0,2.5618379875,3.7452117154400004,-1.14290553842
2.3298537058599997,3.6087224790099994,0.23064993343600002,0.16005970537699998,-0.0,-0.0,2.5618379875,3.7452117154400004,-1.14290553842
2.34605931221,3.6125150952,0.23064338688299998,0.16005970537699998,-0.0,-0.0,2.5618379875,3.7452117154400004,-1.14290553842
2.36224785054,3.61632813923,0.230648063004,0.16005970537699998,-0.0,-0.0,2.5618379875,3.7452117154400004,-1.14290553842
2.37781303273,3.61997567535,0.230643906768,0.16005970537699998,0.00384084414691,-0.0,2.5618379875,3.7452117154400004,-1.14290553842
2.39399285532,3.6239088716800003,0.23064695801899998,0.16005970537699998,0.00384084414691,-0.0,2.5618379875,3.7452117154400004,-1.14290553842
2.41009971893,3.62810124561,0.230646240596,0.16005970537699998,0.00384084414691,-0.0,2.5618379875,3.7452117154400004,-1.14290553842
2.42619653033,3.6322837314199994,0.23064211567600001,0.16005970537699998,0.00384084414691,-0.0067840851843399995,2.5618379875,3.7452117154400004,-1.14290553842
2.42619653033,3.6322837314199994,0.23064211567600001,0.16005970537699998,0.00384084414691,-0.0067840851843399995,2.5618379875,3.7452117154400004,-1.14290553842
2.4423131700400003,3.63648599366,0.23064515964200002,0.0843917578459,0.00384084414691,-0.0067840851843399995,2.5618379875,3.7452117154400004,-1.14290553842
2.45841971995,3.64068010258,0.23008409346099998,0.0843917578459,0.00384084414691,-0.0067840851843399995,2.5618379875,3.7452117154400004,-1.14290553842
2.46951069129,3.64368396433,0.22938645879900002,0.046548806130900004,0.00384084414691,-0.0067840851843399995,2.5618379875,3.7452117154400004,-1.14290553842
2.47605646059,3.6456348726099996,0.228696036829,0.0176280289888,0.00384084414691,-0.0067840851843399995,2.5618379875,3.7452117154400004,-1.14290553842
2.4796641783599997,3.64689031012,0.228002127795,0.0176280289888,0.00384084414691,-0.05848602950569999,2.5618379875,3.7452117154400004,-1.14290553842
2.4813453835,3.6476985263199997,0.22628797570099998,0.0176280289888,0.00384084414691,-0.424492716789,2.5618379875,3.7452117154400004,-1.14290553842
2.48304155062,3.64856017505,0.220310382334,0.0176280289888,0.00384084414691,-0.424492716789,2.5618379875,3.7452117154400004,-1.14290553842
2.48467747729,3.6497151647099995,0.17689543007300002,0.0176280289888,0.00384084414691,-0.424492716789,2.5618379875,3.7452117154400004,-1.14290553842
2.48629405686,3.6507732124800003,0.135157868693,0.0176280289888,-0.0,-0.424492716789,2.5618379875,3.7452117154400004,-1.14290553842
2.4880497209,3.6515333870599997,0.0917471977506,0.0176280289888,-0.0,-0.424492716789,2.5618379875,3.7452117154400004,-1.14290553842
2.4898445616,3.65207516742,0.0483351781104,0.0176280289888,-0.0,-0.424492716789,2.5618379875,3.7452117154400004,-1.14290553842
2.49166912077,3.6525458434800004,0.004925859603390001,0.0176280289888,-0.0,-0.424492716789,2.5618379875,3.7452117154400004,-1.14290553842
2.49350831869,3.65293329754,-0.0384850257895,0.0176280289888,-0.0,-0.424492716789,2.5618379875,3.7452117154400004,-1.14290553842
2.49536254126,3.653240564,-0.0818957849655,0.0176280289888,-0.0,-0.424492716789,2.5618379875,3.7452117154400004,-1.14290553842
2.4972284092200003,3.65346707884,-0.12530673823,0.0176280289888,-0.0,-0.424492716789,2.5618379875,3.7452117154400004,-1.14290553842
2.49910404635,3.65361072333,-0.16871835261100002,0.0176280289888,-0.0,-0.424492716789,2.5618379875,3.7452117154400004,-1.14290553842
2.50097581576,3.6536712671900005,-0.212131227249,0.0176280289888,-0.0,-0.424492716789,2.5618379875,3.7452117154400004,-1.14290553842
2.50286146978,3.65365748182,-0.25554011546300004,0.0176280289888,-0.0,-0.424492716789,2.5618379875,3.7452117154400004,-1.14290553842
2.5046638404099997,3.6535560608399997,-0.297285541905,0.0176280289888,-0.0,-0.424492716789,2.5618379875,3.7452117154400004,-1.14290553842
2.50654805307,3.65337556929,-0.340696163252,-0.0,0.010501059703500001,-0.424492716789,2.5618379875,3.7452117154400004,-1.14290553842
2.50839561317,3.6531206154,-0.38410904633299997,-0.0,0.0972992926836,-0.424492716789,2.5618379875,3.7452117154400004,-1.14290553842
2.50899299314,3.65451455492,-0.42751610133699997,-0.0,0.0972992926836,-0.424492716789,2.5618379875,3.7452117154400004,-1.14290553842
2.51298004063,3.6627431183199994,-0.47092753251100006,-0.0,0.0972992926836,-0.424492716789,2.5618379875,3.7452117154400004,-1.14290553842
2.51795335448,3.67202654615,-0.514338919146,-0.0,0.0972992926836,-0.424492716789,2.5618379875,3.7452117154400004,-1.14290553842
2.52332488245,3.6810853195699997,-0.557750341801,-0.0,0.0972992926836,-0.424492716789,2.5618379875,3.7452117154400004,-1.14290553842
2.52908442283,3.6899025306699995,-0.601161733109,-0.0,0.08839506655929999,-0.424492716789,2.5618379875,3.7452117154400004,-1.14290553842
2.53511496132,3.6983185661199998,-0.644573145377,-0.0,0.0438918992877,-0.424492716789,2.5618379875,3.7452117154400004,-1.14290553842
2.53511496132,3.6983185661199998,-0.644573145377,-0.0,0.0438918992877,-0.35990118980400004,2.5618379875,3.7452117154400004,-1.14290553842
2.54093310878,3.70573737643,-0.6879844540100001,-0.0,0.0438918992877,-0.35990118980400004,2.5618379875,3.7452117154400004,-1.14290553842
2.5441748152200003,3.70951736784,-0.7313956380769999,-0.0,0.0438918992877,-0.35990118980400004,2.5618379875,3.7452117154400004,-1.14290553842
2.54753014549,3.71312071181,-0.768963539028,-0.0,0.0260834526271,-0.16181811690300002,2.5618379875,3.7452117154400004,-1.14290553842
2.5498675536,3.7154657802800006,-0.7903299532870001,-0.0,0.0171792283654,-0.101535081863,2.5618379875,3.7452117154400004,-1.14290553842
2.55153060797,3.7171094608499997,-0.8035591414659999,-0.0,0.0171792283654,-0.450343698263,2.5618379875,3.7452117154400004,-1.14290553842
2.55299370474,3.7184826851099997,-0.826289935912,-0.0,0.0171792283654,-0.502009749413,2.5618379875,3.7452117154400004,-1.14290553842
2.5546568113299997,3.7199646808199995,-0.873365533276,-0.0,0.00827500410378,-0.502009749413,2.5618379875,3.7452117154400004,-1.14290553842
2.55642627254,3.7213609131300003,-0.924698536227,-0.0,-0.0,-0.502009749413,2.5618379875,3.7452117154400004,-1.14290553842
2.5575104014099996,3.72215152819,-0.9760418615500001,-0.0,-0.0,-0.502009749413,2.5618379875,3.7452117154400004,-1.14290553842
2.55802330091,3.7224705628199994,-1.0273748997799999,-0.0,-0.0,-0.38575217127800004,2.5618379875,3.7452117154400004,-1.14290553842
2.55836400941,3.7226791918099997,-1.07002987209,-0.0,-0.0,-0.200594574213,2.5618379875,3.7452117154400004,-1.14290553842
2.55862694618,3.7228056933800007,-1.0992783049500001,-0.0,-0.0,-0.148892626166,2.5618379875,3.7452117154400004,-1.14290553842
2.55878529716,3.7229014646499996,-1.11775467777,-0.0,-0.0,-0.10584357380899999,2.5618379875,3.7452117154400004,-1.14290553842
2.55890013218,3.7229522145300002,-1.13197034276,-0.0,-0.0,-0.0799926072359,2.5618379875,3.7452117154400004,-1.14290553842
2.55900147609,3.7229862563699996,-1.14258908531,-0.0,-0.0,-0.019709572196,2.5618379875,3.7452117154400004,-1.14290553842
2.55906150866,3.7230262144,-1.1504569126100002,-0.0,-0.0,-0.019709572196,2.5618379875,3.7452117154400004,-1.14290553842
2.55908205228,3.7230402806300003,-1.15318455208,-0.0,-0.0,-0.0067840851843399995,2.5618379875,3.7452117154400004,-1.14290553842
2.55908205228,3.7230402806300003,-1.15318455208,-0.0,-0.0,-0.0,2.5618379875,3.7452117154400004,-1.14290553842
