5.69001177122,6.33184065794,-1.29851496877,0.0,0.0,0.0,3.8407596291400004,2.45229443576,0.9270776048710001
5.68996922409,6.331828714919999,-1.29391415067,0.0,0.0,0.0,3.8407596291400004,2.45229443576,0.9270776048710001
5.68996922409,6.331828714919999,-1.29391415067,0.0,0.0,0.0,3.8407596291400004,2.45229443576,0.9270776048710001
5.68996924109,6.33182868992,-1.29391417438,-0.0375832587796,0.0467707048322,1.0,3.8407596291400004,2.45229443576,0.9270776048710001
5.68996924109,6.33182868992,-1.29391417438,-0.0375832587796,0.0467707048322,1.0,3.8407596291400004,2.45229443576,0.9270776048710001
5.6899784468,6.331819454,-1.2939112075599999,-0.0375832587796,0.0467707048322,1.0,3.8407596291400004,2.45229443576,0.9270776048710001
5.692001234380001,6.33582765891,-1.21129001593,-0.0414389670183,0.0564164166761,1.0,3.8407596291400004,2.45229443576,0.9270776048710001
5.694356651590001,6.34119880056,-1.11295824791,-0.0390124847819,0.08110502641589999,1.0,3.8407596291400004,2.45229443576,0.9270776048710001
5.696725496619999,6.3474301808,-1.0146100768000001,-0.0390124847819,0.08110502641589999,1.0,3.8407596291400004,2.45229443576,0.9270776048710001
5.69919120911,6.3547240629,-0.912338332083,-0.011367234519200001,0.10941107828400001,1.0,3.8407596291400004,2.45229443576,0.9270776048710001
5.70209844517,6.362327982619999,-0.8140066157070001,0.008877784466079999,0.119671144529,1.0,3.8407596291400004,2.45229443576,0.9270776048710001
5.707914743350001,6.37033522295,-0.715654266827,0.008877784466079999,0.119671144529,1.0,3.8407596291400004,2.45229443576,0.9270776048710001
5.7149824762699994,6.378521424780001,-0.617325806693,0.0305175241832,0.126367242388,1.0,3.8407596291400004,2.45229443576,0.9270776048710001
5.7232413661,6.38734990462,-0.515053661233,0.0710905272768,0.132083828781,1.0,3.8407596291400004,2.45229443576,0.9270776048710001
5.73204930483,6.3962292631199995,-0.41670332492600004,0.0710905272768,0.132083828781,1.0,3.8407596291400004,2.45229443576,0.9270776048710001
5.74153432332,6.40554987191,-0.318376650576,0.112987906762,0.127018651579,1.0,3.8407596291400004,2.45229443576,0.9270776048710001
5.751669403589999,6.4154780114,-0.22002727824700002,0.112987906762,0.127018651579,1.0,3.8407596291400004,2.45229443576,0.9270776048710001
5.76224572203,6.4264738575800004,-0.11776258323899999,0.160349511294,0.08178045315839999,1.0,3.8407596291400004,2.45229443576,0.9270776048710001
5.77787688375,6.43355295742,-0.0194310604167,0.180162294321,0.0603453314174,0.898471415043,3.8407596291400004,2.45229443576,0.9270776048710001
5.7948863048399994,6.4400882917499995,0.0733029727181,0.19725758347600003,0.0330069654511,0.745374023914,3.8407596291400004,2.45229443576,0.9270776048710001
5.81291870878,6.44646593057,0.156233789984,0.20945885750100002,0.0150666310072,0.59812515974,3.8407596291400004,2.45229443576,0.9270776048710001
5.832031390580001,6.452546540090001,0.227211380134,0.220992557281,-0.06373627997209999,0.0790851488709,3.8407596291400004,2.45229443576,0.9270776048710001
5.852841754959999,6.459019088759999,0.288376834759,0.224709082796,-0.0842962229078,-0.027355059981299997,3.8407596291400004,2.45229443576,0.9270776048710001
5.8724311237,6.4664457968199995,0.347198771922,0.224709082796,-0.0842962229078,-0.027355059981299997,3.8407596291400004,2.45229443576,0.9270776048710001
5.896037988280001,6.46691540623,0.349053405204,0.214758025363,-0.127980546743,-0.27258586883499997,3.8407596291400004,2.45229443576,0.9270776048710001
5.920250758080001,6.464400975449999,0.33382357797,0.21009693428100001,-0.15316430698,-0.36090978980099997,3.8407596291400004,2.45229443576,0.9270776048710001
5.94565362232,6.4581612924,0.302820315493,0.228447182522,-0.161900897553,-0.43612256646200004,3.8407596291400004,2.45229443576,0.9270776048710001
5.9703395186699995,6.44967204586,0.26614733662900003,0.250963550023,-0.145317968681,-0.38976311683700005,3.8407596291400004,2.45229443576,0.9270776048710001
5.99632975268,6.43993152895,0.22326623596500003,0.250963550023,-0.145317968681,-0.38976311683700005,3.8407596291400004,2.45229443576,0.9270776048710001
6.0236160742100004,6.430991216719999,0.184572020176,0.267454073289,-0.135898205498,-0.405215770006,3.8407596291400004,2.45229443576,0.9270776048710001
6.05289172805,6.42166867395,0.143557154974,0.290160280873,-0.10911926471200001,-0.34102916717500004,3.8407596291400004,2.45229443576,0.9270776048710001
6.082082375390001,6.413395316819999,0.10699225223200001,0.30403627004,-0.0998095381882,-0.35493135452299995,3.8407596291400004,2.45229443576,0.9270776048710001
6.11234447849,6.40581606576,0.07301863872339999,0.32774602002500003,-0.0761980561778,-0.337808132172,3.8407596291400004,2.45229443576,0.9270776048710001
6.14349850094,6.3981958723500005,0.0383219765825,0.315780819391,-0.0928483452817,-0.4500028193,3.8407596291400004,2.45229443576,0.9270776048710001
6.17772991353,6.39135033334,0.00377700124511,0.315780819391,-0.0928483452817,-0.4500028193,3.8407596291400004,2.45229443576,0.9270776048710001
6.2092378660000005,6.382095572560001,-0.0395900969941,0.322361532961,-0.0817093667285,-0.398107618093,3.8407596291400004,2.45229443576,0.9270776048710001
6.24074390085,6.37210749356,-0.0801663270587,0.32241268596,-0.0815072909371,-0.398240029812,3.8407596291400004,2.45229443576,0.9270776048710001
6.272027123659999,6.36116939194,-0.11932612269000001,0.306030271409,-0.11001157007000001,-0.510660707951,3.8407596291400004,2.45229443576,0.9270776048710001
6.30345787214,6.3477236279,-0.16358801686,0.290300003335,-0.136029628005,-0.581468701363,3.8407596291400004,2.45229443576,0.9270776048710001
6.3312898643599995,6.33143258268,-0.214635657244,0.275733285188,-0.159832725811,-0.610395014286,3.8407596291400004,2.45229443576,0.9270776048710001
6.35635328145,6.311804606719999,-0.27181166409,0.275733285188,-0.159832725811,-0.610395014286,3.8407596291400004,2.45229443576,0.9270776048710001
6.3783592253,6.28917623115,-0.331489017444,0.275561193623,-0.160129239585,-0.610597968102,3.8407596291400004,2.45229443576,0.9270776048710001
6.39948401477,6.26404493987,-0.39392647971999994,0.269021709213,-0.168474021107,-0.630466580391,3.8407596291400004,2.45229443576,0.9270776048710001
6.417790678539999,6.23841783084,-0.454988079756,0.280301930815,-0.153324155993,-0.599204301834,3.8407596291400004,2.45229443576,0.9270776048710001
6.434481979889999,6.211738211419999,-0.5161203831360001,0.280178292301,-0.15354997151799998,-0.599403202534,3.8407596291400004,2.45229443576,0.9270776048710001
6.45079686997,6.18459222087,-0.575046952667,0.293557931585,-0.130506332007,-0.572653651237,3.8407596291400004,2.45229443576,0.9270776048710001
6.46547589512,6.15654124786,-0.633981272898,0.293557931585,-0.130506332007,-0.572653651237,3.8407596291400004,2.45229443576,0.9270776048710001
6.481247854069999,6.12739586982,-0.692858247949,0.309094172605,-0.10687022763399999,-0.48445367813100004,3.8407596291400004,2.45229443576,0.9270776048710001
6.49693316809,6.09912585571,-0.74327409313,0.299032862203,-0.115175172546,-0.585431277752,3.8407596291400004,2.45229443576,0.9270776048710001
6.51149118872,6.07041731439,-0.795672133812,0.311950014787,-0.09546130652689999,-0.497503906488,3.8407596291400004,2.45229443576,0.9270776048710001
6.52433170356,6.04111007868,-0.851162191541,0.285056810165,-0.136907648629,-0.72258490324,3.8407596291400004,2.45229443576,0.9270776048710001
6.53745648431,6.010136574319999,-0.9038154082500001,0.264152629667,-0.158081636807,-0.7787221074099999,3.8407596291400004,2.45229443576,0.9270776048710001
6.54383493626,5.97948376773,-0.974861316086,0.264152629667,-0.158081636807,-0.7787221074099999,3.8407596291400004,2.45229443576,0.9270776048710001
6.5454415336,5.94903820697,-1.0507698361700002,0.264182225293,-0.158032172342,-0.7789803147319999,3.8407596291400004,2.45229443576,0.9270776048710001
6.54436750767,5.91866869418,-1.12736024561,0.271471612245,-0.158039905441,-0.683305859566,3.8407596291400004,2.45229443576,0.9270776048710001
6.54091825419,5.886915975730001,-1.20250603765,0.296367071898,-0.127047578904,-0.5565836429600001,3.8407596291400004,2.45229443576,0.9270776048710001
6.536589425340001,5.8558905159000005,-1.26620448017,0.296366104681,-0.127049835132,-0.556767523289,3.8407596291400004,2.45229443576,0.9270776048710001
6.5330108533099995,5.82407022093,-1.3209384260700001,0.323336860377,-0.077309841049,-0.40170305967299996,3.8407596291400004,2.45229443576,0.9270776048710001
6.52771790273,5.792484712899999,-1.37567863044,0.323336860377,-0.077309841049,-0.40170305967299996,3.8407596291400004,2.45229443576,0.9270776048710001
6.52537113223,5.75826166503,-1.4185836996799999,0.323559818997,-0.07708997228089999,-0.401835173368,3.8407596291400004,2.45229443576,0.9270776048710001
6.5223932436,5.725244425900001,-1.45809221954,0.33913209387500004,-0.0310945993607,-0.28085526824,3.8407596291400004,2.45229443576,0.9270776048710001
6.520383048769999,5.691801043709999,-1.49188903399,0.344591142588,-0.0110673647908,-0.21658934652800002,3.8407596291400004,2.45229443576,0.9270776048710001
6.52032085845,5.65765871225,-1.5177394640600002,0.349279040632,0.0224532115505,-0.11921215057399999,3.8407596291400004,2.45229443576,0.9270776048710001
6.521296650569999,5.62178447738,-1.5387387374200001,0.34923086130900005,0.0231905248567,-0.119249932468,3.8407596291400004,2.45229443576,0.9270776048710001
6.52456536293,5.586934676779999,-1.5504637094299998,0.34923086130900005,0.0231905248567,-0.119249932468,3.8407596291400004,2.45229443576,0.9270776048710001
6.52751898997,5.552066107000001,-1.5621781380700002,0.348412218299,0.0333004665624,-0.0805120766163,3.8407596291400004,2.45229443576,0.9270776048710001
6.53073679872,5.51723209914,-1.57131549551,0.348230057579,0.035154259090300004,-0.017871998250500003,3.8407596291400004,2.45229443576,0.9270776048710001
6.5342080203199995,5.48100691893,-1.5763439730700002,0.348173060734,0.0357143488325,-0.017875960096700002,3.8407596291400004,2.45229443576,0.9270776048710001
6.537532232979999,5.44617585728,-1.57809997727,0.34846302385899997,0.0327645530463,-0.00527090812102,3.8407596291400004,2.45229443576,0.9270776048710001
6.540811129400001,5.4113407020899995,-1.5797568715099999,0.349351019257,0.021303996749400003,0.0022170515731,3.8407596291400004,2.45229443576,0.9270776048710001
6.543770501849999,5.37647797964,-1.58027361854,0.349351019257,0.021303996749400003,0.0022170515731,3.8407596291400004,2.45229443576,0.9270776048710001
6.54575156532,5.34154927623,-1.5801729317299997,0.349332098944,0.0216120239983,0.00221978873014,3.8407596291400004,2.45229443576,0.9270776048710001
6.54764856695,5.30521209245,-1.57994610368,0.349977042801,0.00400804767758,-0.0019925320520999996,3.8407596291400004,2.45229443576,0.9270776048710001
6.548646425499999,5.27024947998,-1.5799265627399999,0.349975946218,0.00410268236814,-0.00199120072648,3.8407596291400004,2.45229443576,0.9270776048710001
6.548728601340001,5.23526266516,-1.5801225578100002,0.349999954393,-0.00016388504961999998,-0.00233011180535,3.8407596291400004,2.45229443576,0.9270776048710001
6.54880316752,5.2002660698500005,-1.58031502123,0.349965195639,-0.0049352583602500005,-0.0109339430928,3.8407596291400004,2.45229443576,0.9270776048710001
6.54842855472,5.16388991715,-1.5805577168399998,0.349965195639,-0.0049352583602500005,-0.0109339430928,3.8407596291400004,2.45229443576,0.9270776048710001
6.547665265040001,5.12891171755,-1.58149630412,0.34939798067,-0.0205194063623,-0.0546349547803,3.8407596291400004,2.45229443576,0.9270776048710001
6.545864137490001,5.09397342702,-1.58514250442,0.34939437526999995,-0.0205807060946,-0.054651170969000004,3.8407596291400004,2.45229443576,0.9270776048710001
6.54326227212,5.05909575667,-1.5905159367800001,0.34819701359899996,-0.0354800599517,-0.106144964695,3.8407596291400004,2.45229443576,0.9270776048710001
6.54001199284,5.02286660692,-1.5973171277,0.341135265157,-0.058389576074800005,-0.19657279550999998,3.8407596291400004,2.45229443576,0.9270776048710001
6.53538507651,4.98821859136,-1.60810651722,0.334782570116,-0.07708842699030001,-0.23562416434300001,3.8407596291400004,2.45229443576,0.9270776048710001
6.52816025919,4.9544269633399995,-1.6274311677700002,0.334782570116,-0.07708842699030001,-0.23562416434300001,3.8407596291400004,2.45229443576,0.9270776048710001
6.5187247168099995,4.9214134228,-1.64998927748,0.33434759552,-0.0800800506268,-0.23179695010200002,3.8407596291400004,2.45229443576,0.9270776048710001
6.507630966540001,4.88750402114,-1.67384397317,0.334277434459,-0.0803724203297,-0.23187212645999997,3.8407596291400004,2.45229443576,0.9270776048710001
6.4960887426300005,4.85518233955,-1.69663563272,0.320610711468,-0.10263107815,-0.34140017628700003,3.8407596291400004,2.45229443576,0.9270776048710001
6.48331868084,4.82355498354,-1.7220239600599998,0.30356258756099996,-0.126100687182,-0.46253585815399995,3.8407596291400004,2.45229443576,0.9270776048710001
6.468190433539999,4.79361785417,-1.7555912901099997,0.30678157956700003,-0.124150846312,-0.42850035429,3.8407596291400004,2.45229443576,0.9270776048710001
6.449301450419999,4.76533457635,-1.80289103401,0.30678157956700003,-0.124150846312,-0.42850035429,3.8407596291400004,2.45229443576,0.9270776048710001
6.42999745888,4.738715791600001,-1.8455604107599997,0.279171609098,-0.16026245590500002,-0.567034304142,3.8407596291400004,2.45229443576,0.9270776048710001
6.408043599809999,4.71511223951,-1.8958681345299997,0.24937884211300002,-0.18733127103,-0.725141763687,3.8407596291400004,2.45229443576,0.9270776048710001
6.38334459296,4.6957649018900005,-1.95784421647,0.257184773409,-0.183181371989,-0.661377072334,3.8407596291400004,2.45229443576,0.9270776048710001
6.355577692690001,4.67962461471,-2.0305074306299997,0.243533266087,-0.19340663607500003,-0.7343258261679999,3.8407596291400004,2.45229443576,0.9270776048710001
6.327865955219999,4.66529215809,-2.09553977874,0.288107124448,-0.14745021302300002,-0.541483521461,3.8407596291400004,2.45229443576,0.9270776048710001
6.299154726549999,4.65454755869,-2.1677446115200003,0.288107124448,-0.14745021302300002,-0.541483521461,3.8407596291400004,2.45229443576,0.9270776048710001
6.270546802459999,4.64076121353,-2.2247715854,0.309496061379,-0.114607561028,-0.444112807512,3.8407596291400004,2.45229443576,0.9270776048710001
6.24092273653,4.624397256,-2.27402380238,0.329645090463,-0.07062839514510001,-0.335950821638,3.8407596291400004,2.45229443576,0.9270776048710001
6.21291121457,4.60675800246,-2.31343432095,0.342960372393,-0.0281424302489,-0.22936294972899998,3.8407596291400004,2.45229443576,0.9270776048710001
6.185774392640001,4.5867144293,-2.34437321468,0.34888999255,0.006509234278600001,-0.155558228493,3.8407596291400004,2.45229443576,0.9270776048710001
6.15970923518,4.56427343867,-2.36692712344,0.34506435858999995,0.058571182029999995,-0.0387460142374,3.8407596291400004,2.45229443576,0.9270776048710001
6.135160707100001,4.539488746569999,-2.38222112148,0.34506435858999995,0.058571182029999995,-0.0387460142374,3.8407596291400004,2.45229443576,0.9270776048710001
6.11233926709,4.51125755464,-2.38893046496,0.342208479708,0.0734394400122,0.0014992617070699998,3.8407596291400004,2.45229443576,0.9270776048710001
6.09181714043,4.48293047476,-2.3905284878099997,0.34095910528800005,0.0790372282855,0.024443667382,3.8407596291400004,2.45229443576,0.9270776048710001
6.09181714043,4.48293047476,-2.3905284878099997,0.341772773574,0.07544114379360001,0.0386196523905,3.8407596291400004,2.45229443576,0.9270776048710001
6.05247558556,4.425071631580001,-2.38693260472,0.343757578909,0.06580822043050001,0.0410324633121,3.8407596291400004,2.45229443576,0.9270776048710001
6.05247558556,4.425071631580001,-2.38693260472,0.347630546021,0.0406570831029,0.0390734784305,3.8407596291400004,2.45229443576,0.9270776048710001
6.011597349520001,4.3665913646800005,-2.37895257021,0.347630546021,0.0406570831029,0.0390734784305,3.8407596291400004,2.45229443576,0.9270776048710001
5.98979920074,4.33924893626,-2.37505599751,0.34893348418000003,0.027302354326999997,0.037205912172800004,3.8407596291400004,2.45229443576,0.9270776048710001
5.98979920074,4.33924893626,-2.37505599751,0.349676449336,0.0150457872245,0.0311675872654,3.8407596291400004,2.45229443576,0.9270776048710001
5.967028687080001,4.312699085849999,-2.37132189087,0.349676449336,0.0150457872245,0.0311675872654,3.8407596291400004,2.45229443576,0.9270776048710001
5.94266684985,4.28568024261,-2.36772939831,0.349913079399,0.00779947430407,0.0315873250365,3.8407596291400004,2.45229443576,0.9270776048710001
5.918660656469999,4.26023008494,-2.3646496951900002,0.349999991311,3.1875325128000005e-05,0.031600818038,3.8407596291400004,2.45229443576,0.9270776048710001
5.89427187473,4.23514558981,-2.36154893084,0.349993658494,-0.00210569411953,0.0269946567714,3.8407596291400004,2.45229443576,0.9270776048710001
5.86997113571,4.209974541919999,-2.35844119339,0.349993658494,-0.00210569411953,0.0269946567714,3.8407596291400004,2.45229443576,0.9270776048710001
5.84411486464,4.18437377477,-2.35556395877,0.349994361797,0.0019853574104,0.042628578841699995,3.8407596291400004,2.45229443576,0.9270776048710001
5.81940759915,4.15960281208,-2.3520538582,0.349996378945,0.0015904901895,0.0379840359092,3.8407596291400004,2.45229443576,0.9270776048710001
5.794923945830001,4.13460899434,-2.34802463281,0.34975994589000003,0.0129605240994,0.0722366943955,3.8407596291400004,2.45229443576,0.9270776048710001
5.7706169638,4.10944780113,-2.34388459256,0.347098718388,0.036908554935599996,0.136847689748,3.8407596291400004,2.45229443576,0.9270776048710001
5.74623331691,4.08244351632,-2.33649743599,0.347098718388,0.036908554935599996,0.136847689748,3.8407596291400004,2.45229443576,0.9270776048710001
5.72296761262,4.05630002295,-2.3293945631099997,0.34696732768,0.0416829256398,0.130686074495,3.8407596291400004,2.45229443576,0.9270776048710001
5.702059446669999,4.02835998036,-2.3166535426299997,0.329470493845,0.083385211152,0.277393490076,3.8407596291400004,2.45229443576,0.9270776048710001
5.683887026080001,3.9992485059,-2.2963000069999997,0.287196652551,0.162249251249,0.622281432152,3.8407596291400004,2.45229443576,0.9270776048710001
5.67098829305,3.96722293883,-2.25572569718,0.268996841246,0.17306146051600002,0.6033802032469999,3.8407596291400004,2.45229443576,0.9270776048710001
5.6661141289999994,3.93504405136,-2.1947626197099996,0.22134133593699998,0.21678510093400002,0.736927032471,3.8407596291400004,2.45229443576,0.9270776048710001
5.66487411242,3.90339900356,-2.13543645217,0.22134133593699998,0.21678510093400002,0.736927032471,3.8407596291400004,2.45229443576,0.9270776048710001
5.67127535144,3.87357577311,-2.0640261501099997,0.212143726174,0.222491846886,0.7737975716590001,3.8407596291400004,2.45229443576,0.9270776048710001
5.6809484373500005,3.84490023177,-1.9889565212,0.218170011711,0.21829796665999998,0.755600452423,3.8407596291400004,2.45229443576,0.9270776048710001
5.693197452710001,3.8158908201699995,-1.9108303667299997,0.249618340938,0.193187717487,0.648739159107,3.8407596291400004,2.45229443576,0.9270776048710001
5.70576293748,3.7880077096,-1.8398972015200001,0.305085523051,0.12092602891899999,0.45774129033100003,3.8407596291400004,2.45229443576,0.9270776048710001
5.71706024398,3.75887098444,-1.77836584618,0.32418941872900003,0.0794630685321,0.372239023447,3.8407596291400004,2.45229443576,0.9270776048710001
5.72288176598,3.7267570964199996,-1.73335627622,0.32418941872900003,0.0794630685321,0.372239023447,3.8407596291400004,2.45229443576,0.9270776048710001
5.72639326299,3.6924193234,-1.69428669402,0.337801705295,0.0370716222399,0.28006815910300004,3.8407596291400004,2.45229443576,0.9270776048710001
5.72737581122,3.6587294071099996,-1.66421014768,0.34331443366,0.012076722876200001,0.22370454669,3.8407596291400004,2.45229443576,0.9270776048710001
5.7267925354199996,3.62460521643,-1.63955222183,0.346906538256,-0.00787666085697,0.170801356435,3.8407596291400004,2.45229443576,0.9270776048710001
5.72515092701,3.5902046590400003,-1.61922167315,0.34880203762199996,-0.0289332591389,0.0911642313004,3.8407596291400004,2.45229443576,0.9270776048710001
5.72247642874,3.55419385879,-1.6026955557,0.34837701907799995,-0.033666712225,0.060710765421400005,3.8407596291400004,2.45229443576,0.9270776048710001
5.71853887363,3.51942210301,-1.59373186729,0.34837701907799995,-0.033666712225,0.060710765421400005,3.8407596291400004,2.45229443576,0.9270776048710001
5.714451169709999,3.4846595683899997,-1.58752861488,0.348247875228,-0.0349773116821,0.0359437763691,3.8407596291400004,2.45229443576,0.9270776048710001
5.71045682771,3.44990610292,-1.58330852458,0.348561906918,-0.0316952990105,0.020173991099,3.8407596291400004,2.45229443576,0.9270776048710001
5.706589189959999,3.41371519194,-1.58049648144,0.348518514246,-0.032168931613599995,0.0201826505363,3.8407596291400004,2.45229443576,0.9270776048710001
5.7030724287900005,3.37891193393,-1.57851716454,0.349253944828,-0.0228402485873,-0.00102969724685,3.8407596291400004,2.45229443576,0.9270776048710001
5.6997158275999995,3.34408533796,-1.5767825528900001,0.349408237,-0.020344012642700002,-0.0398317836225,3.8407596291400004,2.45229443576,0.9270776048710001
5.69722292112,3.30918742546,-1.57688387522,0.349408237,-0.020344012642700002,-0.0398317836225,3.8407596291400004,2.45229443576,0.9270776048710001
5.694836009229999,3.27288206274,-1.58049653377,0.34905642047200003,-0.025682878750400002,-0.0806119889021,3.8407596291400004,2.45229443576,0.9270776048710001
5.69204534593,3.2380132160299997,-1.58729744763,0.34913070150799996,-0.024652549531299996,-0.08048494905230001,3.8407596291400004,2.45229443576,0.9270776048710001
5.68889973056,3.2031741474400004,-1.5952145315600001,0.33439225767299996,-0.07065428548439999,-0.262376606464,3.8407596291400004,2.45229443576,0.9270776048710001
5.684288819630001,3.16880476356,-1.60812987806,0.33436394150800003,-0.0707881675727,-0.262462109327,3.8407596291400004,2.45229443576,0.9270776048710001
5.6754637174099996,3.13445735088,-1.63496182715,0.306107689718,-0.127956227366,-0.454513639212,3.8407596291400004,2.45229443576,0.9270776048710001
5.666091189179999,3.10164671968,-1.66077322245,0.306107689718,-0.127956227366,-0.454513639212,3.8407596291400004,2.45229443576,0.9270776048710001
5.65087251324,3.07233364358,-1.70395086769,0.258171456774,-0.19205915728300002,-0.7682068347930001,3.8407596291400004,2.45229443576,0.9270776048710001
5.6299566189900005,3.0482907803500003,-1.7708671687200002,0.241642370308,-0.19700936261500002,-0.729743778706,3.8407596291400004,2.45229443576,0.9270776048710001
5.605923399380001,3.02842069318,-1.8444361460799998,0.21678618985599998,-0.214987495485,-0.820324242115,3.8407596291400004,2.45229443576,0.9270776048710001
5.57918306635,3.01145213648,-1.92191510841,0.25310079954799997,-0.18668143819400002,-0.6802979707719999,3.8407596291400004,2.45229443576,0.9270776048710001
5.55187162786,2.9989236531700003,-2.00147453773,0.282669166648,-0.154443386069,-0.564303815365,3.8407596291400004,2.45229443576,0.9270776048710001
5.5244514564100005,2.98433444203,-2.06837163984,0.282669166648,-0.154443386069,-0.564303815365,3.8407596291400004,2.45229443576,0.9270776048710001
5.49730345811,2.9676727434599997,-2.12476107938,0.282455198704,-0.154834356648,-0.564489424229,3.8407596291400004,2.45229443576,0.9270776048710001
5.46818445598,2.95167340704,-2.182485381,0.310394054449,-0.111827675211,-0.445335954428,3.8407596291400004,2.45229443576,0.9270776048710001
5.44024682161,2.93538460583,-2.23189309726,0.344618772527,-0.00300870910864,-0.203982204199,3.8407596291400004,2.45229443576,0.9270776048710001
5.414026220449999,2.9154136206800003,-2.2690365223400004,0.34573632459,-0.00254006605583,-0.204047501087,3.8407596291400004,2.45229443576,0.9270776048710001
5.391533337869999,2.88929390407,-2.28909278102,0.348331577546,0.0341336639997,-0.130001202226,3.8407596291400004,2.45229443576,0.9270776048710001
5.36757123759,2.86252268363,-2.30995665502,0.348331577546,0.0341336639997,-0.130001202226,3.8407596291400004,2.45229443576,0.9270776048710001
5.34633893357,2.83475934837,-2.32332086088,0.343783398188,0.065673206589,-0.049962904304300004,3.8407596291400004,2.45229443576,0.9270776048710001
5.32674084119,2.8057959109099997,-2.33074162693,0.335968740699,0.09810708540419999,0.09244427829980001,3.8407596291400004,2.45229443576,0.9270776048710001
5.3091643498000005,2.77559978728,-2.32893776933,0.330517177601,0.108103135645,0.157040759921,3.8407596291400004,2.45229443576,0.9270776048710001
5.29298344252,2.74313078509,-2.3174528429400003,0.330226184413,0.108988805634,0.157095864415,3.8407596291400004,2.45229443576,0.9270776048710001
5.27860664544,2.71153157143,-2.30201196407,0.332945012891,0.100988939845,0.15444518625700002,3.8407596291400004,2.45229443576,0.9270776048710001
5.2647982965199995,2.67967901982,-2.28656512599,0.332945012891,0.100988939845,0.15444518625700002,3.8407596291400004,2.45229443576,0.9270776048710001
5.25078447792,2.64790229229,-2.2713537054799997,0.346120526613,0.051967066403,0.07198532670739999,3.8407596291400004,2.45229443576,0.9270776048710001
5.23330256519,2.61617110255,-2.26139237596,0.349468369638,0.0192835047604,0.0106988465413,3.8407596291400004,2.45229443576,0.9270776048710001
5.21400294315,2.5870359505300002,-2.25720680357,0.34995532387199996,-0.005591621139830001,-0.0121120354161,3.8407596291400004,2.45229443576,0.9270776048710001
5.1928155470899995,2.55921630247,-2.25678187839,0.341139392379,-0.0707860614777,-0.163286760449,3.8407596291400004,2.45229443576,0.9270776048710001
5.17005021526,2.5326876175599997,-2.2585608988,0.33884018096100005,-0.08090124308730001,-0.16397590935200002,3.8407596291400004,2.45229443576,0.9270776048710001
5.14178231069,2.51009115094,-2.2752637479400004,0.33884018096100005,-0.08090124308730001,-0.16397590935200002,3.8407596291400004,2.45229443576,0.9270776048710001
5.11372123941,2.48953619277,-2.29137595996,0.316922687408,-0.121293480636,-0.301833063364,3.8407596291400004,2.45229443576,0.9270776048710001
5.08422663239,2.47251013599,-2.3167173851599996,0.295944070266,-0.148213672702,-0.42965397238700004,3.8407596291400004,2.45229443576,0.9270776048710001
5.0536377606,2.45918839958,-2.35192437847,0.30306839827300003,-0.139117230781,-0.39178225398100003,3.8407596291400004,2.45229443576,0.9270776048710001
5.022377581140001,2.44869221237,-2.39328120579,0.302768932354,-0.139767777162,-0.391910016537,3.8407596291400004,2.45229443576,0.9270776048710001
4.9894996983099995,2.43820783493,-2.43334618472,0.289087777911,-0.152866822307,-0.490630120039,3.8407596291400004,2.45229443576,0.9270776048710001
4.95750298712,2.42943600254,-2.47187817376,0.289087777911,-0.152866822307,-0.490630120039,3.8407596291400004,2.45229443576,0.9270776048710001
4.92547463834,2.42361287863,-2.51896168597,0.302849043574,-0.13377490935699998,-0.428755551577,3.8407596291400004,2.45229443576,0.9270776048710001
4.89318710089,2.41803645431,-2.56331466318,0.26775744519,-0.166906671123,-0.666714310646,3.8407596291400004,2.45229443576,0.9270776048710001
4.86000357431,2.41505324127,-2.61839264504,0.281051984647,-0.153301490451,-0.5963081717490001,3.8407596291400004,2.45229443576,0.9270776048710001
4.82866563121,2.4160761363599996,-2.6820146193900003,0.281272955088,-0.15171213231300001,-0.605110287666,3.8407596291400004,2.45229443576,0.9270776048710001
4.79698312831,2.41771268778,-2.7406757709500003,0.28572582888500003,-0.144330825106,-0.597201704979,3.8407596291400004,2.45229443576,0.9270776048710001
4.76548704855,2.4210776212900003,-2.8001761715900004,0.28572582888500003,-0.144330825106,-0.597201704979,3.8407596291400004,2.45229443576,0.9270776048710001
4.732823757699999,2.42582450977,-2.8613752258,0.30860529864,-0.110078061592,-0.48244437575300003,3.8407596291400004,2.45229443576,0.9270776048710001
4.7007893353300005,2.42963972735,-2.9128732630000003,0.308592606496,-0.11011363770400001,-0.482601761818,3.8407596291400004,2.45229443576,0.9270776048710001
4.6684421467,2.43365325197,-2.96031601238,0.319665789773,-0.0884271185042,-0.421351492405,3.8407596291400004,2.45229443576,0.9270776048710001
4.63615077815,2.4387595120400003,-3.00656959758,0.330393596598,-0.0650118902712,-0.344241350889,3.8407596291400004,2.45229443576,0.9270776048710001
4.60209994944,2.4435951942,-3.04935424049,0.339052044094,-0.042728805268400005,-0.27746778726599997,3.8407596291400004,2.45229443576,0.9270776048710001
4.5687005323,2.44724397492,-3.08320420644,0.339052044094,-0.042728805268400005,-0.27746778726599997,3.8407596291400004,2.45229443576,0.9270776048710001
4.53482075858,2.45018859701,-3.11179762809,0.331694515962,0.0101698328614,-0.142125785351,3.8407596291400004,2.45229443576,0.9270776048710001
4.50133814062,2.4504742990599997,-3.1311006260100003,0.320395011837,0.0305730028657,-0.0897272974253,3.8407596291400004,2.45229443576,0.9270776048710001
4.467356769649999,2.44826631792,3.13981742866,0.308292762796,0.0469706568243,-0.0466620624065,3.8407596291400004,2.45229443576,0.9270776048710001
4.435608557169999,2.4449192128,3.1320159531900003,0.296859767038,0.054662147546300006,-0.017719451338099997,3.8407596291400004,2.45229443576,0.9270776048710001
4.404773856,2.4405226375,3.12753739579,0.288335237365,0.0451603803687,-0.04091981425880001,3.8407596291400004,2.45229443576,0.9270776048710001
4.37503116187,2.4354745903599997,3.12580052693,0.288335237365,0.0451603803687,-0.04091981425880001,3.8407596291400004,2.45229443576,0.9270776048710001
4.34480497111,2.4310793561099997,3.1220726500900002,0.268964017922,0.0395096973112,0.00928290933371,3.8407596291400004,2.45229443576,0.9270776048710001
4.31714323706,2.42748417029,3.1212098858,0.259489634714,0.0350825982675,0.0356733985245,3.8407596291400004,2.45229443576,0.9270776048710001
4.29059551405,2.4242813103,3.12326061836,0.251766377511,0.00650741281797,-0.08300179243089999,3.8407596291400004,2.45229443576,0.9270776048710001
4.26476500145,2.42179216015,3.1244356020899997,0.24182530400600002,-0.0034874253032899996,-0.081731647253,3.8407596291400004,2.45229443576,0.9270776048710001
4.238622439519999,2.4216292562799997,3.11595252963,0.221490925447,0.012624933518600001,0.08918149024250001,3.8407596291400004,2.45229443576,0.9270776048710001
4.214477400940001,2.42260440318,3.10792009768,0.221490925447,0.012624933518600001,0.08918149024250001,3.8407596291400004,2.45229443576,0.9270776048710001
4.19190436727,2.42245780396,3.11332489583,0.211776172623,0.00560882724088,0.0353792235255,3.8407596291400004,2.45229443576,0.9270776048710001
4.17033239672,2.4222082397599998,3.1189216231,0.20164460978100002,0.00911307841725,0.047443326562599995,3.8407596291400004,2.45229443576,0.9270776048710001
4.14955872539,2.4219809692900003,3.12287566072,0.19184331158100001,0.00165142551527,-0.00405014306307,3.8407596291400004,2.45229443576,0.9270776048710001
4.12878145697,2.42156180793,3.12671595229,0.18184808056200003,-0.0009213786617579999,-0.012442933395499999,3.8407596291400004,2.45229443576,0.9270776048710001
4.10960612612,2.4216818411900003,3.12631901603,0.161389575456,-0.0122048759418,-0.07411910593510002,3.8407596291400004,2.45229443576,0.9270776048710001
4.09138419205,2.42203133653,3.12513446968,0.161389575456,-0.0122048759418,-0.07411910593510002,3.8407596291400004,2.45229443576,0.9270776048710001
4.07487345621,2.42328800189,3.1190550077999997,0.151228517826,-0.0137288106002,-0.0735447630286,3.8407596291400004,2.45229443576,0.9270776048710001
4.07487345621,2.42328800189,3.1190550077999997,0.139956890387,-0.023099872714499998,-0.154169455171,3.8407596291400004,2.45229443576,0.9270776048710001
4.04415259085,2.42713422723,3.10110974857,0.129890930498,-0.022646667808599998,-0.145098000765,3.8407596291400004,2.45229443576,0.9270776048710001
4.03043287929,2.4299574697099997,3.08608856126,0.12306780944199999,-0.021430441793299997,-0.133823603392,3.8407596291400004,2.45229443576,0.9270776048710001
4.03043287929,2.4299574697099997,3.08608856126,0.104906362954,-0.0166313184836,-0.123966172338,3.8407596291400004,2.45229443576,0.9270776048710001
4.017617234509999,2.4329005272599997,3.07181488667,0.104906362954,-0.0166313184836,-0.123966172338,3.8407596291400004,2.45229443576,0.9270776048710001
4.00492854817,2.4359791543,3.0580005646900004,0.104906362954,-0.0166313184836,-0.123966172338,3.8407596291400004,2.45229443576,0.9270776048710001
3.99426816145,2.43857889634,3.04561770356,0.105448425708,-0.012750500318100001,-0.102593265474,3.8407596291400004,2.45229443576,0.9270776048710001
3.98394159247,2.44097759445,3.03460435927,0.09616307765789998,-0.0032060833710500004,-0.04408466443419999,3.8407596291400004,2.45229443576,0.9270776048710001
3.9735650177699995,2.4431825688999997,3.0252485184799998,0.09616307765789998,-0.0032060833710500004,-0.04408466443419999,3.8407596291400004,2.45229443576,0.9270776048710001
3.9629161054699997,2.44518526005,3.017616392,0.08739806276319999,0.00306781368731,-0.013547260314200001,3.8407596291400004,2.45229443576,0.9270776048710001
3.9534245843,2.4466609149400003,3.0132852658999996,0.0872935753162,0.00525971140772,-0.00209982693195,3.8407596291400004,2.45229443576,0.9270776048710001
3.9439204314699996,2.44819684993,3.0089462692,0.0872935753162,0.00525971140772,-0.00209982693195,3.8407596291400004,2.45229443576,0.9270776048710001
3.93518607634,2.44891718121,3.0082639982300003,0.08721691304310002,0.00640647600548,0.004399921745060001,3.8407596291400004,2.45229443576,0.9270776048710001
3.9261054211,2.44952876464,3.0084039953099997,0.0765606143397,0.011716130689199999,0.08140924572939999,3.8407596291400004,2.45229443576,0.9270776048710001
3.91774854852,2.4498259996200002,3.0115670880799996,0.0677527233868,0.011515410099100001,0.082463555038,3.8407596291400004,2.45229443576,0.9270776048710001
3.9101481315400006,2.44970001687,3.01958514058,0.067864610472,0.0108365511843,0.0775713101029,3.8407596291400004,2.45229443576,0.9270776048710001
3.9032956944199997,2.44943073458,3.02769487617,0.067864610472,0.0108365511843,0.0775713101029,3.8407596291400004,2.45229443576,0.9270776048710001
3.89617858328,2.44914748502,3.03567070163,0.0681241655248,0.00906279579589,0.06557381898159999,3.8407596291400004,2.45229443576,0.9270776048710001
3.88930953149,2.44897538372,3.04239772696,0.06835841934550001,0.007082563142560001,0.0534347891808,3.8407596291400004,2.45229443576,0.9270776048710001
3.88244681572,2.4488863233099996,3.04822579453,0.0584195295878,0.0059755771530699995,-1.0,3.8407596291400004,2.45229443576,0.9270776048710001
3.87587445139,2.44857523714,3.0203280978200002,0.04990904116,0.00301459573494,-1.0,3.8407596291400004,2.45229443576,0.9270776048710001
3.8699737602399997,2.4480677012400003,2.92198013883,0.0499019494763,0.0031297947875100003,-1.0,3.8407596291400004,2.45229443576,0.9270776048710001
3.8646402228099994,2.44820480523,2.81970326935,0.0499019494763,0.0031297947875100003,-1.0,3.8407596291400004,2.45229443576,0.9270776048710001
3.8595236258199996,2.44881590962,2.7213745115499997,0.049587199773199996,0.0064116921013599995,-1.0,3.8407596291400004,2.45229443576,0.9270776048710001
3.8544339063199997,2.4497387432599997,2.6230246256900003,0.0487399305439,0.0111543420929,-1.0,3.8407596291400004,2.45229443576,0.9270776048710001
3.84928612183,2.4508089679099996,2.52469710523,0.0471916684303,0.016521095838799998,-1.0,3.8407596291400004,2.45229443576,0.9270776048710001
3.8439001571499998,2.45207086743,2.42242463975,0.0,0.0,-1.0,3.8407596291400004,2.45229443576,0.9270776048710001
3.8392559965900004,2.45321814338,2.32407300304,0.0,0.0,-1.0,3.8407596291400004,2.45229443576,0.9270776048710001
3.83852277393,2.45259108016,2.22574356215,0.0,0.0,-1.0,3.8407596291400004,2.45229443576,0.9270776048710001
3.8377627845599998,2.4520604133900004,2.1273961666,0.0,0.0,-1.0,3.8407596291400004,2.45229443576,0.9270776048710001
3.83690844667,2.4515835473,2.02512235102,0.0,0.0,-1.0,3.8407596291400004,2.45229443576,0.9270776048710001
3.8360246599199996,2.45120039101,1.9267929682099998,0.0,0.0,-1.0,3.8407596291400004,2.45229443576,0.9270776048710001
3.8351451021699994,2.4509185967,1.8284449050799998,0.0,0.0,-1.0,3.8407596291400004,2.45229443576,0.9270776048710001
3.8341978453,2.4507090718,1.7301192973800001,0.0,0.0,-1.0,3.8407596291400004,2.45229443576,0.9270776048710001
3.83321031894,2.45058922576,1.62785505562,0.0,0.0,-1.0,3.8407596291400004,2.45229443576,0.9270776048710001
3.8322694322099995,2.45057701873,1.5295157161200001,0.0,0.0,-1.0,3.8407596291400004,2.45229443576,0.9270776048710001
3.83132757964,2.45066135834,1.43117795352,0.0,0.0,-1.0,3.8407596291400004,2.45229443576,0.9270776048710001
3.8304222478900005,2.4508272282099997,1.3328276847299998,0.0,0.0,-0.9161301255230001,3.8407596291400004,2.45229443576,0.9270776048710001
3.82951724875,2.45108175968,1.2335184922,0.0,0.0,-0.621651351452,3.8407596291400004,2.45229443576,0.9270776048710001
3.82871828758,2.4514044034,1.14691689299,0.0,0.0,-0.621854245663,3.8407596291400004,2.45229443576,0.9270776048710001
3.82818044366,2.4516727051,1.08579407909,0.0,0.0,-0.621854245663,3.8407596291400004,2.45229443576,0.9270776048710001
3.8276794511400003,2.4519619646,1.02464262847,0.0,0.0,-0.34319087863000003,3.8407596291400004,2.45229443576,0.9270776048710001
3.827323933,2.45218274113,0.981876726011,0.0,0.0,-0.343300789595,3.8407596291400004,2.45229443576,0.9270776048710001
3.8270623458699995,2.45236717311,0.948122014706,0.0,0.0,-0.160048112273,3.8407596291400004,2.45229443576,0.9270776048710001
3.8268459171,2.45252509505,0.9201300341709999,0.0,0.0,-0.09594804793600001,3.8407596291400004,2.45229443576,0.9270776048710001
3.8267279139999997,2.4526149184,0.905150504737,0.0,0.0,0.0,3.8407596291400004,2.45229443576,0.9270776048710001
