-5.075757059040001,3.00589124485,1.16864513859,0.0,0.0,0.0,-6.67389495263,6.448806600319999,-1.5891178940600001
-5.07575704161,3.00589123582,1.1686452342,0.0,0.0,0.0,-6.67389495263,6.448806600319999,-1.5891178940600001
-5.0757664526,3.0059006853600003,1.1686509137899999,0.0,0.0,0.0,-6.67389495263,6.448806600319999,-1.5891178940600001
-5.075754130330001,3.00588833449,1.1686434339299998,0.058124572697099995,0.0148840256573,-0.8825136423109999,-6.67389495263,6.448806600319999,-1.5891178940600001
-5.07575702909,3.0058912415499996,1.16864509128,0.058124572697099995,0.0148840256573,-0.8825136423109999,-6.67389495263,6.448806600319999,-1.5891178940600001
-5.07536779391,3.0118742048400002,1.08532262564,0.0695344054194,0.00806018120647,-0.8827944397930001,-6.67389495263,6.448806600319999,-1.5891178940600001
-5.07345898256,3.01880054396,0.995039397957,0.0799792130817,0.0018235441179800002,-0.8830889463420001,-6.67389495263,6.448806600319999,-1.5891178940600001
-5.06997525538,3.02594980727,0.9047348868870001,0.0897015342842,-0.007323525506439999,-0.758397221565,-6.67389495263,6.448806600319999,-1.5891178940600001
-5.06480926595,3.03296788662,0.819331113495,0.10894888871099999,-0.015170290717200002,-0.4879712164399999,-6.67389495263,6.448806600319999,-1.5891178940600001
-5.05777619689,3.0396543126899997,0.7470993987019999,0.11918123749399999,-0.013993945814799999,-0.36002558469800006,-6.67389495263,6.448806600319999,-1.5891178940600001
-5.0484985008,3.0463849797900004,0.698207008424,0.12898866614,-0.0161840427112,-0.36014294624300003,-6.67389495263,6.448806600319999,-1.5891178940600001
-5.0484985008,3.0463849797900004,0.698207008424,0.12898866614,-0.0161840427112,-0.36014294624300003,-6.67389495263,6.448806600319999,-1.5891178940600001
-5.03817468825,3.0533193911299996,0.66138651553,0.12898866614,-0.0161840427112,-0.36014294624300003,-6.67389495263,6.448806600319999,-1.5891178940600001
-5.02720405095,3.0600056062,0.625979034567,0.139510025475,-0.011702693044600001,-0.251912742853,-6.67389495263,6.448806600319999,-1.5891178940600001
-5.01498441612,3.06723518112,0.596810386591,0.149992143998,-0.00153545850511,-0.12342464923900001,-6.67389495263,6.448806600319999,-1.5891178940600001
-5.00215272498,3.07512526811,0.577610698361,0.16967668393100002,0.0104798785066,-0.026637226343200003,-6.67389495263,6.448806600319999,-1.5891178940600001
-4.9886409916000005,3.08425399335,0.568414735682,0.179694587447,0.010481580660500001,-0.026643320918099997,-6.67389495263,6.448806600319999,-1.5891178940600001
-4.97419432333,3.09477730894,0.5656875146720001,0.189277263434,0.016556837438999997,0.015944061800799998,-6.67389495263,6.448806600319999,-1.5891178940600001
-4.95900855809,3.10571139911,0.562959933106,0.19928883074,0.016851585959900002,0.0159521661699,-6.67389495263,6.448806600319999,-1.5891178940600001
-4.9432982638,3.11767768764,0.564596342708,0.19928883074,0.016851585959900002,0.0159521661699,-6.67389495263,6.448806600319999,-1.5891178940600001
-4.92686653086,3.13015429546,0.566226920377,0.21693309994899998,0.036606673035,0.146339774132,-6.67389495263,6.448806600319999,-1.5891178940600001
-4.91002490417,3.1446160397099994,0.5770962701169999,0.226877333651,0.037771672371699996,0.14639133215,-6.67389495263,6.448806600319999,-1.5891178940600001
-4.89282606168,3.16043628523,0.5920563058280001,0.23676108453699998,0.039296487581199996,0.143997013569,-6.67389495263,6.448806600319999,-1.5891178940600001
-4.875222056559999,3.17711121337,0.60694200114,0.24740427434,0.035932643103099994,0.127743750811,-6.67389495263,6.448806600319999,-1.5891178940600001
-4.85726002213,3.1945493644800003,0.621474498531,0.255779474243,0.0466571246724,0.191287502646,-6.67389495263,6.448806600319999,-1.5891178940600001
-4.83926939292,3.21188889614,0.634036840634,0.277475626024,0.037513901337800006,0.147285729647,-6.67389495263,6.448806600319999,-1.5891178940600001
-4.82079511445,3.2315705997099995,0.653599592553,0.277475626024,0.037513901337800006,0.147285729647,-6.67389495263,6.448806600319999,-1.5891178940600001
-4.80079325444,3.2521301092900003,0.669527137562,0.286270612486,0.0463589461551,0.19046355783900001,-6.67389495263,6.448806600319999,-1.5891178940600001
-4.78058209068,3.2739530597,0.6874757595469999,0.297425982483,0.0392146467545,0.161185577512,-6.67389495263,6.448806600319999,-1.5891178940600001
-4.76004272443,3.2967089759400006,0.705457477698,0.306675232049,0.0452802890328,0.19338373839899997,-6.67389495263,6.448806600319999,-1.5891178940600001
-4.73911726806,3.32028461477,0.7230805750049999,0.317522541471,0.039742081861,0.16652789712000002,-6.67389495263,6.448806600319999,-1.5891178940600001
-4.71826101235,3.3450093547299997,0.7424340378859999,0.33713681321500005,0.0440312572595,0.185287758708,-6.67389495263,6.448806600319999,-1.5891178940600001
-4.696812216540001,3.37042799483,0.759458881884,0.345850167389,0.0371283146448,0.1563218683,-6.67389495263,6.448806600319999,-1.5891178940600001
-4.6746819971699995,3.3979600590599994,0.7784145918250001,0.345850167389,0.0371283146448,0.1563218683,-6.67389495263,6.448806600319999,-1.5891178940600001
-4.65208252539,3.4260051637599997,0.794854812395,0.335802910294,0.0614244504454,0.255074977875,-6.67389495263,6.448806600319999,-1.5891178940600001
-4.63143514166,3.4550768289300002,0.8174391514020001,0.338273719196,0.0581557086924,0.226728960872,-6.67389495263,6.448806600319999,-1.5891178940600001
-4.61220111538,3.4849709980199997,0.8420819715379999,0.305685932282,0.118902264927,0.459701657295,-6.67389495263,6.448806600319999,-1.5891178940600001
-4.5962975318599995,3.51455603834,0.871702581948,0.26273489450599996,0.179142656591,0.725345373154,-6.67389495263,6.448806600319999,-1.5891178940600001
-4.58657640537,3.54682601482,0.921860089849,0.21289854223700003,0.222566863441,0.824010014534,-6.67389495263,6.448806600319999,-1.5891178940600001
-4.58657640537,3.54682601482,0.921860089849,0.21289854223700003,0.222566863441,0.824010014534,-6.67389495263,6.448806600319999,-1.5891178940600001
-4.58550608005,3.5794670983,0.9960385959739999,0.21289854223700003,0.222566863441,0.824010014534,-6.67389495263,6.448806600319999,-1.5891178940600001
-4.58683690435,3.61208367384,1.07020471949,0.19549230125300002,0.230747230792,0.850879311562,-6.67389495263,6.448806600319999,-1.5891178940600001
-4.59771014422,3.6410398238699995,1.1558159996100001,0.220121608419,0.217871473636,0.7398973703380001,-6.67389495263,6.448806600319999,-1.5891178940600001
-4.610552662180001,3.6696406072300003,1.2358538566700001,0.273412932428,0.169592443458,0.556698560715,-6.67389495263,6.448806600319999,-1.5891178940600001
-4.62185490211,3.6998099003900005,1.30286703037,0.27308349107700003,0.17012241298,0.556886076927,-6.67389495263,6.448806600319999,-1.5891178940600001
-4.63168561648,3.73147785376,1.35980035824,0.298036729231,0.133940689932,0.48054295778300005,-6.67389495263,6.448806600319999,-1.5891178940600001
-4.64288814055,3.76274629064,1.4158510813999998,0.319952593876,0.0934937274992,0.380185186863,-6.67389495263,6.448806600319999,-1.5891178940600001
-4.65216447273,3.7952238811699996,1.46499198808,0.319952593876,0.0934937274992,0.380185186863,-6.67389495263,6.448806600319999,-1.5891178940600001
-4.65894025569,3.8290270434500004,1.50466049153,0.34284837682999997,0.0182312099301,0.21984548866700002,-6.67389495263,6.448806600319999,-1.5891178940600001
-4.660562426419999,3.8628994842699997,1.53006596253,0.34697496388000004,-0.0459169835049,0.0867906585336,-6.67389495263,6.448806600319999,-1.5891178940600001
-4.6575755088,3.89870952482,1.54521767919,0.34538401987899997,-0.056655747686400006,0.0593172386289,-6.67389495263,6.448806600319999,-1.5891178940600001
-4.65151528232,3.93458785015,1.5530076426700001,0.345218367833,-0.0576565125937,0.059338659048100005,-6.67389495263,6.448806600319999,-1.5891178940600001
-4.64501938545,3.9704065072300003,1.55907890903,0.34520753973499996,-0.05772130840340001,0.0366325005889,-6.67389495263,6.448806600319999,-1.5891178940600001
-4.6386617033699995,4.0062503263,1.56506255306,0.349126457157,-0.024712584783799996,0.0648872181773,-6.67389495263,6.448806600319999,-1.5891178940600001
-4.632471782240001,4.04210073601,1.5688021355300001,0.349126457157,-0.024712584783799996,0.0648872181773,-6.67389495263,6.448806600319999,-1.5891178940600001
-4.629481286,4.07835273417,1.57510555558,0.34999997804300004,0.000101506369251,0.10655329376499999,-6.67389495263,6.448806600319999,-1.5891178940600001
-4.62901579505,4.114717857940001,1.58485509294,0.349647695906,0.0156997987659,0.10098105669,-6.67389495263,6.448806600319999,-1.5891178940600001
-4.63048760668,4.15105212083,1.5954404965600002,0.343257645581,0.047348674154699996,0.179457351565,-6.67389495263,6.448806600319999,-1.5891178940600001
-4.63435124776,4.18705102525,1.60885887597,0.324985929041,0.089764063175,0.322353899479,-6.67389495263,6.448806600319999,-1.5891178940600001
-4.64174861014,4.22196819643,1.6305905918099999,0.296994431201,0.141394981469,0.448098063469,-6.67389495263,6.448806600319999,-1.5891178940600001
-4.65348105805,4.25485513333,1.66405056879,0.264574227913,0.178101133662,0.6107359528540001,-6.67389495263,6.448806600319999,-1.5891178940600001
-4.6704801425,4.2827868770699995,1.70810749134,0.264574227913,0.178101133662,0.6107359528540001,-6.67389495263,6.448806600319999,-1.5891178940600001
-4.69217846,4.307558191469999,1.7680035014200002,0.26762453575999995,0.17830280214000002,0.560751020908,-6.67389495263,6.448806600319999,-1.5891178940600001
-4.71591855085,4.33053710319,1.82712816138,0.253181490588,0.188838280469,0.6484826207159999,-6.67389495263,6.448806600319999,-1.5891178940600001
-4.74125607514,4.35131203608,1.8889596791099998,0.274466955533,0.167867771965,0.558856070042,-6.67389495263,6.448806600319999,-1.5891178940600001
-4.76771641455,4.37050961883,1.9521049979599998,0.287129592303,0.145157405953,0.559205532074,-6.67389495263,6.448806600319999,-1.5891178940600001
-4.79430294789,4.3903041865,2.0092559268200003,0.287003150647,0.14540724465500002,0.559393048286,-6.67389495263,6.448806600319999,-1.5891178940600001
-4.79430294789,4.3903041865,2.0092559268200003,0.30744056084399995,0.114121863924,0.46486261486999997,-6.67389495263,6.448806600319999,-1.5891178940600001
-4.820722025319999,4.410440289049999,2.06645154662,0.30744056084399995,0.114121863924,0.46486261486999997,-6.67389495263,6.448806600319999,-1.5891178940600001
-4.84824460641,4.4290115359,2.12365724169,0.30744056084399995,0.114121863924,0.46486261486999997,-6.67389495263,6.448806600319999,-1.5891178940600001
-4.87547311713,4.4490387911500004,2.1726819067500003,0.316484011015,0.0917410410174,0.440975874662,-6.67389495263,6.448806600319999,-1.5891178940600001
-4.902558018130001,4.4696896646,2.21862549841,0.320627068656,0.07683650290249999,0.431749969721,-6.67389495263,6.448806600319999,-1.5891178940600001
-4.9296561163699995,4.49048660438,2.2632556098700003,0.321118464967,0.0766481204062,0.431894689798,-6.67389495263,6.448806600319999,-1.5891178940600001
-4.95719371689,4.51075393359,2.30741049448,0.320800952921,0.0763131429289,0.437941938639,-6.67389495263,6.448806600319999,-1.5891178940600001
-4.98449463485,4.52909520331,2.34995260819,0.320944943745,0.0780728527387,0.42966526746699996,-6.67389495263,6.448806600319999,-1.5891178940600001
-5.0136826478500005,4.54692245664,2.39475008887,0.320944943745,0.0780728527387,0.42966526746699996,-6.67389495263,6.448806600319999,-1.5891178940600001
-5.04373368588,4.5633209280300004,2.43875435767,0.327498027994,0.06799925496880001,0.365996032953,-6.67389495263,6.448806600319999,-1.5891178940600001
-5.074365462219999,4.57939839699,2.47742999992,0.330605033292,0.062328532591699994,0.33652091026299996,-6.67389495263,6.448806600319999,-1.5891178940600001
-5.10555328485,4.5949777237400005,2.51289731469,0.337524452214,0.04678316206,0.270627200603,-6.67389495263,6.448806600319999,-1.5891178940600001
-5.13705120799,4.61056900989,2.54393878644,0.30827254152100003,0.11985176536900001,0.57822483778,-6.67389495263,6.448806600319999,-1.5891178940600001
-5.1692819127,4.62365039358,2.5812921653,0.292553755559,0.131505463705,0.5938712358470001,-6.67389495263,6.448806600319999,-1.5891178940600001
-5.2028154869,4.629370242209999,2.64067462567,0.291837451417,0.13760635976500002,0.547507405281,-6.67389495263,6.448806600319999,-1.5891178940600001
-5.235852627240001,4.63152281613,2.7014109944099998,0.327649919994,0.0812365748392,0.23746623098900002,-6.67389495263,6.448806600319999,-1.5891178940600001
-5.26916042121,4.63110908615,2.75739734207,0.327649919994,0.0812365748392,0.23746623098900002,-6.67389495263,6.448806600319999,-1.5891178940600001
-5.3036221402,4.6344114434599994,2.7877791786699997,0.344705937863,0.04453170186390001,0.146441057324,-6.67389495263,6.448806600319999,-1.5891178940600001
-5.33875030691,4.640861157869999,2.8059764753099996,0.33371628077300003,-0.0754072927604,-0.251654088497,-6.67389495263,6.448806600319999,-1.5891178940600001
-5.370605456950001,4.65269443374,2.8031521383899998,0.319227038212,-0.114515921833,-0.29731053113899997,-6.67389495263,6.448806600319999,-1.5891178940600001
-5.39980914072,4.67262479569,2.77615666469,0.274271080042,-0.18379301450399999,-0.434807658195,-6.67389495263,6.448806600319999,-1.5891178940600001
-5.425510645009999,4.6962653981199995,2.7441304239099997,0.26775681616999997,-0.19099320945599998,-0.454240143299,-6.67389495263,6.448806600319999,-1.5891178940600001
-5.44396114339,4.7249264126199995,2.6996629229000004,0.26775681616999997,-0.19099320945599998,-0.454240143299,-6.67389495263,6.448806600319999,-1.5891178940600001
-5.46022817465,4.754720277440001,2.6533571769299997,0.279211548865,-0.179700067222,-0.40635186433799997,-6.67389495263,6.448806600319999,-1.5891178940600001
-5.47630126761,4.78492568917,2.61067376998,0.276443862217,-0.17541113061900002,-0.47737333178499997,-6.67389495263,6.448806600319999,-1.5891178940600001
-5.49144203716,4.81535320725,2.5646467147,0.298240287132,-0.145745861256,-0.40807339549099997,-6.67389495263,6.448806600319999,-1.5891178940600001
-5.50678752906,4.84570684807,2.51909362662,0.299199834714,-0.1362549781,-0.45697289705300004,-6.67389495263,6.448806600319999,-1.5891178940600001
-5.52296169048,4.87588827548,2.4760176942,0.329200401936,-0.0755548163324,-0.319754481316,-6.67389495263,6.448806600319999,-1.5891178940600001
-5.52296169048,4.87588827548,2.4760176942,0.32919386181,-0.075583306702,-0.319860428572,-6.67389495263,6.448806600319999,-1.5891178940600001
-5.539017394659999,4.90592727005,2.43090258787,0.32919386181,-0.075583306702,-0.319860428572,-6.67389495263,6.448806600319999,-1.5891178940600001
-5.55958929227,4.93429963754,2.39819895101,0.32919386181,-0.075583306702,-0.319860428572,-6.67389495263,6.448806600319999,-1.5891178940600001
-5.57848256798,4.9622036557,2.36674310073,0.33974121082,-0.0436007097896,-0.247149541974,-6.67389495263,6.448806600319999,-1.5891178940600001
-5.59938015648,4.99074558754,2.33918396166,0.349646191904,0.015733258422,-0.100277818739,-6.67389495263,6.448806600319999,-1.5891178940600001
-5.6235109023300005,5.01739417583,2.32257360409,0.344456711873,0.0620448916441,0.00432761665434,-6.67389495263,6.448806600319999,-1.5891178940600001
-5.65068739289,5.041492287580001,2.31643260802,0.342687623691,0.0711701306905,0.029245354235200003,-6.67389495263,6.448806600319999,-1.5891178940600001
-5.67983845217,5.063230620450001,2.3174630621200003,0.34252032693000006,0.07197097035,0.0292558632791,-6.67389495263,6.448806600319999,-1.5891178940600001
-5.709487383530001,5.084333647099999,2.32045420949,0.34469699953599997,0.0606957448634,0.04562396928669999,-6.67389495263,6.448806600319999,-1.5891178940600001
-5.73923658294,5.10527571119,2.32344627707,0.34469699953599997,0.0606957448634,0.04562396928669999,-6.67389495263,6.448806600319999,-1.5891178940600001
-5.76842910395,5.12697216129,2.32792278372,0.34648595519599995,0.049471989912,0.045871689915699995,-6.67389495263,6.448806600319999,-1.5891178940600001
-5.79711798265,5.14933314065,2.33261183094,0.349141058773,0.0245054282271,0.037246551364699995,-6.67389495263,6.448806600319999,-1.5891178940600001
-5.82481431536,5.17288771513,2.33683244517,0.34913000266099997,0.0246624446441,0.037259701639400004,-6.67389495263,6.448806600319999,-1.5891178940600001
-5.85183526484,5.19724896903,2.3406466370900003,0.349715885814,0.0140994376917,0.0302392840385,-6.67389495263,6.448806600319999,-1.5891178940600001
-5.87878702215,5.22168798828,2.3442950738499997,0.34992870937299997,0.00706351827029,0.025337880477299998,-6.67389495263,6.448806600319999,-1.5891178940600001
-5.904229620700001,5.24569565773,2.34726847135,0.349988070059,-0.0028889011892800002,0.0149864889681,-6.67389495263,6.448806600319999,-1.5891178940600001
-5.930261053130001,5.2711189418,2.3498596355,0.349988070059,-0.0028889011892800002,0.0149864889681,-6.67389495263,6.448806600319999,-1.5891178940600001
-5.955751783689999,5.29705532846,2.3515957206900002,0.34994656055600004,-0.00611552848814,0.0105321081355,-6.67389495263,6.448806600319999,-1.5891178940600001
-5.98099778806,5.323274968480001,2.3528129391799997,0.349910598506,-0.00790999282167,0.00720319803804,-6.67389495263,6.448806600319999,-1.5891178940600001
-6.006124117760001,5.34959393674,2.35371976992,0.34990996249,-0.007938078116920001,0.005096069537100001,-6.67389495263,6.448806600319999,-1.5891178940600001
-6.03119083332,5.37594344958,2.35439003072,0.34992751085100005,-0.0071226458055900005,0.00327265542001,-6.67389495263,6.448806600319999,-1.5891178940600001
-6.0563033528900005,5.40229124755,2.35488247954,0.349974683429,-0.00420902513997,0.00153623009101,-6.67389495263,6.448806600319999,-1.5891178940600001
-6.08147145886,5.42857025585,2.35521714488,0.349991514735,-0.0024360925742399997,0.00179870869033,-6.67389495263,6.448806600319999,-1.5891178940600001
-6.10685165707,5.45461777429,2.3553742118,0.349991514735,-0.0024360925742399997,0.00179870869033,-6.67389495263,6.448806600319999,-1.5891178940600001
-6.13236893079,5.480573580730001,2.35555402326,0.34999869138800005,-0.0009544422580589998,0.0012980222236400002,-6.67389495263,6.448806600319999,-1.5891178940600001
-6.157974745290001,5.5064260883200005,2.35570449496,0.349999747903,0.000414006237228,0.0028270285110900003,-6.67389495263,6.448806600319999,-1.5891178940600001
-6.183658889839999,5.53217382033,2.3559154037,0.34999197597900006,0.00236889924085,0.005552756600079999,-6.67389495263,6.448806600319999,-1.5891178940600001
-6.20847622109,5.55685574405,2.35627918554,0.349989535908,0.00270549232848,0.00523895397782,-6.67389495263,6.448806600319999,-1.5891178940600001
-6.23437391222,5.58238872128,2.3568433458799998,0.349975002515,0.0041824094005700006,0.0106491679326,-6.67389495263,6.448806600319999,-1.5891178940600001
-6.23437391222,5.58238872128,2.3568433458799998,0.349975002515,0.0041824094005700006,0.0106491679326,-6.67389495263,6.448806600319999,-1.5891178940600001
-6.26032902072,5.60790672064,2.3573790964700003,0.349975002515,0.0041824094005700006,0.0106491679326,-6.67389495263,6.448806600319999,-1.5891178940600001
-6.28639562827,5.63329445407,2.35844682906,0.34997510081200006,0.00417417599981,0.0106534259394,-6.67389495263,6.448806600319999,-1.5891178940600001
-6.3124798459700004,5.6586367290499995,2.35953624499,0.349935663802,0.006710151510590001,0.020128972828400003,-6.67389495263,6.448806600319999,-1.5891178940600001
-6.338733154090001,5.683847105980001,2.3612592517900004,0.349938954467,0.00653628946244,0.0185416694731,-6.67389495263,6.448806600319999,-1.5891178940600001
-6.3650839244,5.708939447070001,2.36324278378,0.359798356902,0.012047025836300001,0.035382039845,-6.67389495263,6.448806600319999,-1.5891178940600001
-6.39180995301,5.73407111023,2.36566891376,0.349878029458,0.00923901706106,0.0237481854856,-6.67389495263,6.448806600319999,-1.5891178940600001
-6.4193059644199995,5.75930030175,2.36914985394,0.33991087195299996,0.0077848519931400005,0.020117605105000002,-6.67389495263,6.448806600319999,-1.5891178940600001
-6.44604038331,5.783983096900001,2.37157841397,0.33991087195299996,0.0077848519931400005,0.020117605105000002,-6.67389495263,6.448806600319999,-1.5891178940600001
-6.4728211623,5.808587420009999,2.37400715523,0.339708213408,0.0077929302861499995,0.0201250016689,-6.67389495263,6.448806600319999,-1.5891178940600001
-6.49788564859,5.831657164889999,2.3760142873,0.31710348193599996,-0.0414232792782,-0.13688084483100002,-6.67389495263,6.448806600319999,-1.5891178940600001
-6.52089139274,5.85671547415,2.3688075408300002,0.291652259222,-0.104467814388,-0.369150310755,-6.67389495263,6.448806600319999,-1.5891178940600001
-6.5386603370500005,5.88397748885,2.34475972204,0.274779298583,-0.119895603704,-0.372283369303,-6.67389495263,6.448806600319999,-1.5891178940600001
-6.55117550072,5.91320917913,2.30691130784,0.23253247294399998,-0.172948887952,-0.58760881424,-6.67389495263,6.448806600319999,-1.5891178940600001
-6.56031851352,5.94268944362,2.26714383724,0.1922905712,-0.189248799073,-0.650859475136,-6.67389495263,6.448806600319999,-1.5891178940600001
-6.5616207898,5.97243839322,2.20705497711,0.1922905712,-0.189248799073,-0.650859475136,-6.67389495263,6.448806600319999,-1.5891178940600001
-6.557616936880001,5.999869847159999,2.14099545089,0.170187755625,-0.19629302678399999,-0.7329589128489999,-6.67389495263,6.448806600319999,-1.5891178940600001
-6.55013120074,6.02551489097,2.06796969614,0.178515414654,-0.17473155489300002,-0.6430689096450001,-6.67389495263,6.448806600319999,-1.5891178940600001
-6.5417481112699996,6.05002689664,1.99832007936,0.187889350989,-0.148998342289,-0.581710934639,-6.67389495263,6.448806600319999,-1.5891178940600001
-6.5339205428,6.073902703559999,1.93520785725,0.201068708495,-0.11125795710999999,-0.47236508131000005,-6.67389495263,6.448806600319999,-1.5891178940600001
-6.527214579600001,6.09727691576,1.8783006426,0.20570469515700002,-0.041238629943199996,-0.324032574892,-6.67389495263,6.448806600319999,-1.5891178940600001
-6.522964898270001,6.12036031128,1.83116055197,0.199655431734,-0.007536698912870001,-0.238778427243,-6.67389495263,6.448806600319999,-1.5891178940600001
-6.524259557760001,6.14123543455,1.79930109083,0.199655431734,-0.007536698912870001,-0.238778427243,-6.67389495263,6.448806600319999,-1.5891178940600001
-6.5277994567499995,6.16178728978,1.7738757317299998,0.189705068099,0.005926811211670001,-0.253436654806,-6.67389495263,6.448806600319999,-1.5891178940600001
-6.532075162000001,6.18133675902,1.74836152649,0.179149151524,0.0152566083791,-0.205730557442,-6.67389495263,6.448806600319999,-1.5891178940600001
-6.5365782252699995,6.19998300143,1.7250702845700001,0.16914807855,0.014837722173799998,-0.194219812751,-6.67389495263,6.448806600319999,-1.5891178940600001
-6.54094963445,6.21776528763,1.70448393968,0.149083691193,0.014607344839899998,-0.113126061857,-6.67389495263,6.448806600319999,-1.5891178940600001
-6.54480302465,6.234675758940001,1.6859018962799999,0.139218066216,0.0127160689053,-0.082282781601,-6.67389495263,6.448806600319999,-1.5891178940600001
-6.54809659016,6.24987349776,1.6744494715399998,0.135334452794,0.0132080079174,-0.082308717072,-6.67389495263,6.448806600319999,-1.5891178940600001
-6.54809659016,6.24987349776,1.6744494715399998,0.135334452794,0.0132080079174,-0.082308717072,-6.67389495263,6.448806600319999,-1.5891178940600001
-6.550930029,6.264135830619999,1.6660334637399998,0.135334452794,0.0132080079174,-0.082308717072,-6.67389495263,6.448806600319999,-1.5891178940600001
-6.553656189169999,6.27806210495,1.65761505962,0.125452171049,0.011492116131,-0.00591469602659,-6.67389495263,6.448806600319999,-1.5891178940600001
-6.5560511548800005,6.29122509024,1.65490705949,0.11773158751599999,0.00995720027046,0.006708851549770001,-6.67389495263,6.448806600319999,-1.5891178940600001
-6.55821291074,6.303696753480001,1.65499597649,0.11794854442199999,0.00692917058602,0.0234059467912,-6.67389495263,6.448806600319999,-1.5891178940600001
-6.56014618666,6.3158239162,1.65633812124,0.103162595389,0.0324702011256,0.353801012039,-6.67389495263,6.448806600319999,-1.5891178940600001
-6.5621842277999995,6.3272396752699995,1.66384280525,0.0921066109791,0.033914148003899997,0.35190722346299996,-6.67389495263,6.448806600319999,-1.5891178940600001
-6.56635886247,6.3375618524399995,1.70001656767,0.0909637578028,0.036541127087,0.340768963099,-6.67389495263,6.448806600319999,-1.5891178940600001
-6.57092379767,6.34656478948,1.73601504917,0.0909637578028,0.036541127087,0.340768963099,-6.67389495263,6.448806600319999,-1.5891178940600001
-6.5760005784899995,6.3552712069599995,1.7710374651299998,0.0763040966073,0.043894952966,0.552443683147,-6.67389495263,6.448806600319999,-1.5891178940600001
-6.58156774257,6.362680982280001,1.82003341873,0.0667668018041,0.040381916872000004,0.552629172802,-6.67389495263,6.448806600319999,-1.5891178940600001
-6.58730334758,6.36879572204,1.87654785175,0.0660160439354,0.037649297156300006,0.5002810359000001,-6.67389495263,6.448806600319999,-1.5891178940600001
-6.59292050549,6.3741601124,1.93120211754,0.069034589617,0.0328485124847,0.426955074072,-6.67389495263,6.448806600319999,-1.5891178940600001
-6.5986510120899995,6.37929904311,1.98122136305,0.07253590587860001,0.0257621122439,0.342326909304,-6.67389495263,6.448806600319999,-1.5891178940600001
-6.60437227303,6.384570683080001,2.02488302239,0.07733999466819999,0.009691691174049999,0.185519784689,-6.67389495263,6.448806600319999,-1.5891178940600001
-6.60985932035,6.39022860867,2.05988228221,0.07733999466819999,0.009691691174049999,0.185519784689,-6.67389495263,6.448806600319999,-1.5891178940600001
-6.614677265369999,6.396659442380001,2.08194798382,0.0782788061785,0.00189570528356,0.12009018659600001,-6.67389495263,6.448806600319999,-1.5891178940600001
-6.61898065855,6.40354115335,2.09653906025,0.068247175975,0.0027300650400199997,1.0,-6.67389495263,6.448806600319999,-1.5891178940600001
-6.62256848488,6.40999499418,2.14643196552,0.0583013846452,-0.000208760193225,1.0,-6.67389495263,6.448806600319999,-1.5891178940600001
-6.625947500619999,6.4160140562,2.2487030361500002,0.049980835668000004,-0.0013842842477400001,1.0,-6.67389495263,6.448806600319999,-1.5891178940600001
-6.629147528790001,6.42114444969,2.3509764139,0.049772047515699996,-0.0047690106993999995,1.0,-6.67389495263,6.448806600319999,-1.5891178940600001
-6.6322181326,6.42548319653,2.45324839403,0.049772047515699996,-0.0047690106993999995,1.0,-6.67389495263,6.448806600319999,-1.5891178940600001
-6.63551056407,6.429731272080001,2.55552264724,0.0492058065716,-0.00887630421922,1.0,-6.67389495263,6.448806600319999,-1.5891178940600001
-6.6389927464,6.43391143702,2.65779231902,0.048108519105000004,-0.0136224288023,1.0,-6.67389495263,6.448806600319999,-1.5891178940600001
-6.64264502649,6.43803893965,2.7600652738,0.04638428155259999,-0.0186681172537,1.0,-6.67389495263,6.448806600319999,-1.5891178940600001
-6.646447491619999,6.442128197380001,2.86233486834,0.0439394106493,-0.0238606028578,1.0,-6.67389495263,6.448806600319999,-1.5891178940600001
-6.65037563541,6.4462051551499995,2.9646038135299997,0.0367348173099,-0.0339198079912,1.0,-6.67389495263,6.448806600319999,-1.5891178940600001
-6.65037563541,6.4462051551499995,2.9646038135299997,0.031947361464299995,-0.0384625307594,1.0,-6.67389495263,6.448806600319999,-1.5891178940600001
-6.6543908597899994,6.45028740207,3.06687797861,0.031947361464299995,-0.0384625307594,1.0,-6.67389495263,6.448806600319999,-1.5891178940600001
-6.65808902425,6.4548905236800005,-3.1140363241799998,0.0318975944873,-0.038503813355,1.0,-6.67389495263,6.448806600319999,-1.5891178940600001
-6.661664645219999,6.45938785322,-3.01569812775,0.0318975944873,-0.038503813355,1.0,-6.67389495263,6.448806600319999,-1.5891178940600001
-6.66579330671,6.463714840619999,-2.91342426838,0.0,0.0,1.0,-6.67389495263,6.448806600319999,-1.5891178940600001
-6.66798930326,6.4660618015999995,-2.81114622888,0.0,0.0,1.0,-6.67389495263,6.448806600319999,-1.5891178940600001
-6.668356350830001,6.46697272118,-2.7088738729000004,0.0,0.0,1.0,-6.67389495263,6.448806600319999,-1.5891178940600001
-6.6688079374,6.46784522271,-2.6066014929900003,0.0,0.0,1.0,-6.67389495263,6.448806600319999,-1.5891178940600001
-6.669338450030001,6.46866099885,-2.5043244114,0.0,0.0,1.0,-6.67389495263,6.448806600319999,-1.5891178940600001
-6.669958250310001,6.469421124889999,-2.4020508823199997,0.0,0.0,1.0,-6.67389495263,6.448806600319999,-1.5891178940600001
-6.67065954015,6.4701248506199995,-2.29978328316,0.0,0.0,1.0,-6.67389495263,6.448806600319999,-1.5891178940600001
-6.67141693199,6.47073528173,-2.19750613763,0.0,0.0,1.0,-6.67389495263,6.448806600319999,-1.5891178940600001
-6.6722380373500005,6.47127323511,-2.09523353419,0.0,0.0,1.0,-6.67389495263,6.448806600319999,-1.5891178940600001
-6.67311033015,6.47172529679,-1.9929615202900002,0.0,0.0,0.911545693874,-6.67389495263,6.448806600319999,-1.5891178940600001
-6.67400949844,6.4720810525,-1.89243012854,0.0,0.0,0.7584410309790001,-6.67389495263,6.448806600319999,-1.5891178940600001
-6.67486971441,6.4723409930299995,-1.8028089765400002,0.0,0.0,0.454690843821,-6.67389495263,6.448806600319999,-1.5891178940600001
-6.6755905877199995,6.472475053759999,-1.7252392630900002,0.0,0.0,0.454690843821,-6.67389495263,6.448806600319999,-1.5891178940600001
-6.67609519569,6.47254453372,-1.6727680670299998,0.0,0.0,0.320410758257,-6.67389495263,6.448806600319999,-1.5891178940600001
-6.6764580349500005,6.47257838163,-1.63524898446,0.0,0.0,0.204163044691,-6.67389495263,6.448806600319999,-1.5891178940600001
-6.67671520141,6.47259143954,-1.6084257778400002,0.0,0.0,0.125524327159,-6.67389495263,6.448806600319999,-1.5891178940600001
-6.67688895246,6.472596394759999,-1.59033062629,0.0,0.0,0.0,-6.67389495263,6.448806600319999,-1.5891178940600001
